Country Name,Indicator Name,Indicator Code,2005,2006,2007,2008,2009,2010,2011,2012,2013,2014,2015
Angola,"Adjusted net enrolment rate, upper secondary, both sexes (%)",UIS.NERA.3,,,,2.97311997413635,3.1172399520874,3.41543006896973,,,,,
Angola,GDP per capita (current US$),NY.GDP.PCAP.CD,1443.99192856374,2062.41514942577,2878.83714393079,3868.57888289748,3347.84485033644,3529.05348173757,4299.01288877922,4598.24998765441,4804.61688354724,4709.31202367384,3695.79374814656
Angola,Government expenditure on education as % of GDP (%),SE.XPD.TOTL.GD.ZS,2.77712988853455,2.85844993591309,,,,3.47622990608215,,,,,
Angola,"Gross enrolment ratio, tertiary, both sexes (%)",SE.TER.ENRR,2.74878001213074,2.69178009033203,,,,,6.94609022140503,,9.92356967926025,,9.30801963806152
Angola,"Gross enrolment ratio, upper secondary, both sexes (%)",SE.SEC.ENRR.UP,,15.733699798584,15.6104097366333,18.3971405029297,19.2583198547363,20.3998603820801,21.0986194610596,,,,
Angola,Internet users (per 100 people),IT.NET.USER.P2,1.143366827,1.5,1.7,1.9,2.3,2.8,3.1,6.5,8.9,10.2,12.4
Angola,"Lower secondary completion rate, both sexes (%)",SE.SEC.CMPT.LO.ZS,,,,19.1878604888916,19.3937492370605,,22.5176105499268,,,,
Angola,"Population of the official age for secondary education, both sexes (number)",SP.SEC.TOTL.IN,3057573.0,3163550.0,2647861.0,2743329.0,2845787.0,2954466.0,3062357.0,3178611.0,3301915.0,3430540.0,3562398.0
Angola,"Population of the official age for tertiary education, both sexes (number)",SP.TER.TOTL.IN,1752923.0,1808992.0,1800309.0,1860205.0,1923759.0,1923759.0,2055804.0,,2203633.0,2286479.0,2374694.0
Angola,"Population of the official age for upper secondary education, both sexes (number)",SP.SEC.UTOT.IN,1213760.0,1253195.0,1248737.0,1292043.0,1338684.0,1388931.0,1438805.0,1493332.0,1551396.0,1612084.0,1674971.0
Angola,"Youth literacy rate, population 15-24 years, both sexes (%)",SE.ADT.1524.LT.ZS,,,,,,,,,,77.43113,
Burundi,"Adjusted net enrolment rate, upper secondary, both sexes (%)",UIS.NERA.3,,,,,,2.25130009651184,2.45968008041382,2.43052005767822,3.17105007171631,3.52308011054993,
Burundi,GDP per capita (current US$),NY.GDP.PCAP.CD,150.507043368766,165.87941756143,170.799900471753,196.247262831381,204.94465018984,231.194325649216,260.479907338153,265.285605131269,282.755525208188,312.748979387017,300.676556924016
Burundi,Government expenditure on education as % of GDP (%),SE.XPD.TOTL.GD.ZS,3.62687993049622,,,5.19599008560181,6.3205099105835,6.80530977249146,5.99911022186279,5.81509017944336,5.41641998291016,,
Burundi,"Gross enrolment ratio, tertiary, both sexes (%)",SE.TER.ENRR,2.30535006523132,2.30872988700867,2.35823011398315,2.54795002937317,2.71314001083374,3.14944005012512,2.98189997673035,3.6691300868988,4.40817022323608,4.96606016159058,
Burundi,"Gross enrolment ratio, upper secondary, both sexes (%)",SE.SEC.ENRR.UP,7.20902013778687,7.06787014007568,7.79869985580444,,10.3510799407959,12.130069732666,13.7371997833252,14.3087797164916,17.1727409362793,20.7725696563721,25.4691600799561
Burundi,Internet users (per 100 people),IT.NET.USER.P2,0.542142866,0.65759259,0.7,0.81,0.9,1.0,1.11,1.219999945,1.264218111,1.38,4.866224464
Burundi,"Lower secondary completion rate, both sexes (%)",SE.SEC.CMPT.LO.ZS,8.08193016052246,8.95510005950928,,11.8777198791504,16.1927394866943,16.3439197540283,18.1198902130127,19.7576999664307,23.042459487915,25.6363296508789,32.3199081420898
Burundi,"Population of the official age for secondary education, both sexes (number)",SP.SEC.TOTL.IN,1347428.0,1383953.0,1415841.0,1441892.0,1462307.0,1479024.0,1493243.0,1505915.0,1520697.0,1539519.0,1563658.0
Burundi,"Population of the official age for tertiary education, both sexes (number)",SP.TER.TOTL.IN,733727.0,777612.0,818242.0,857786.0,895273.0,929339.0,958953.0,1002036.0,1018268.0,1031501.0,
Burundi,"Population of the official age for upper secondary education, both sexes (number)",SP.SEC.UTOT.IN,541433.0,563112.0,581687.0,596128.0,607521.0,617688.0,626991.0,633485.0,638023.0,641654.0,645510.0
Burundi,"Youth literacy rate, population 15-24 years, both sexes (%)",SE.ADT.1524.LT.ZS,,,,61.73879,,,,,,79.55961,
Benin,"Adjusted net enrolment rate, upper secondary, both sexes (%)",UIS.NERA.3,,,,,,,,,16.8404693603516,,
Benin,GDP per capita (current US$),NY.GDP.PCAP.CD,601.799976958875,625.830091976463,706.053541900699,820.151349819346,793.452430030705,757.695907409377,825.942785363215,837.950500075362,915.267458596353,943.686575031401,783.947090952422
Benin,Government expenditure on education as % of GDP (%),SE.XPD.TOTL.GD.ZS,3.63625001907349,3.50184988975525,3.23094010353088,3.80053997039795,4.22354984283447,5.03251981735229,,4.87061977386475,4.55143976211548,4.32068014144897,4.35980987548828
Benin,"Gross enrolment ratio, tertiary, both sexes (%)",SE.TER.ENRR,5.78434991836548,6.641930103302,7.90371990203857,7.78704977035522,9.87005996704102,13.2599096298218,12.365119934082,13.4212198257446,15.3627796173096,,
Benin,"Gross enrolment ratio, upper secondary, both sexes (%)",SE.SEC.ENRR.UP,22.0149402618408,,,,,,31.033899307251,,34.3062210083008,34.798770904541,37.5878791809082
Benin,Internet users (per 100 people),IT.NET.USER.P2,1.271031439,1.537854346,1.79,1.85,2.24,3.13,4.148323066,4.5,4.9,6.0,11.25498791
Benin,"Lower secondary completion rate, both sexes (%)",SE.SEC.CMPT.LO.ZS,,24.9243202209473,,,,,36.294361114502,,45.1582183837891,41.8521385192871,43.613941192627
Benin,"Population of the official age for secondary education, both sexes (number)",SP.SEC.TOTL.IN,1259150.0,1302133.0,1344500.0,1387553.0,1431035.0,1474537.0,1517836.0,1560487.0,1604307.0,1649565.0,1696451.0
Benin,"Population of the official age for tertiary education, both sexes (number)",SP.TER.TOTL.IN,729503.0,756181.0,781657.0,807880.0,834868.0,862615.0,891063.0,918590.0,946860.0,975638.0,1004924.0
Benin,"Population of the official age for upper secondary education, both sexes (number)",SP.SEC.UTOT.IN,502645.0,520019.0,537411.0,555533.0,574182.0,592893.0,611338.0,628773.0,646425.0,664535.0,683324.0
Benin,"Youth literacy rate, population 15-24 years, both sexes (%)",SE.ADT.1524.LT.ZS,,42.3627,,,,,,52.49247,,,
Burkina Faso,"Adjusted net enrolment rate, upper secondary, both sexes (%)",UIS.NERA.3,,3.29809999465942,3.50346994400024,3.51518988609314,4.18093013763428,2.60921001434326,3.02066993713379,3.06470990180969,4.05404996871948,3.93155002593994,
Burkina Faso,GDP per capita (current US$),NY.GDP.PCAP.CD,406.998807060623,422.633237360208,475.110012184526,569.761278420206,552.745552106433,575.446452687734,666.840410055466,673.822818226635,699.781537016479,703.821656461717,575.314454176312
Burkina Faso,Government expenditure on education as % of GDP (%),SE.XPD.TOTL.GD.ZS,4.43476009368896,4.45137977600098,4.59601020812988,,,3.93681001663208,4.48355007171631,4.05393981933594,4.59568977355957,4.60476016998291,4.06224012374878
Burkina Faso,"Gross enrolment ratio, tertiary, both sexes (%)",SE.TER.ENRR,2.30757999420166,2.44096994400024,2.61181998252869,3.18009996414185,3.53254008293152,3.57862997055054,4.14645004272461,4.5582799911499,4.77590990066528,,
Burkina Faso,"Gross enrolment ratio, upper secondary, both sexes (%)",SE.SEC.ENRR.UP,7.0544900894165,7.32480001449584,8.19775009155273,8.86674976348876,10.003080368042,10.0157203674316,10.41565990448,11.1475200653076,13.84840965271,12.9078102111816,13.4206600189209
Burkina Faso,Internet users (per 100 people),IT.NET.USER.P2,0.469914489,0.632707564,0.75,0.92,1.13,2.4,3.0,3.725034916,9.1,9.4,11.38764617
Burkina Faso,"Lower secondary completion rate, both sexes (%)",SE.SEC.CMPT.LO.ZS,9.89393997192383,10.8982801437378,11.7040596008301,14.7324600219727,15.5705404281616,16.4356594085693,18.0736694335938,20.1663703918457,21.4893798828125,24.7465991973877,26.9976406097412
Burkina Faso,"Population of the official age for secondary education, both sexes (number)",SP.SEC.TOTL.IN,2065775.0,2125885.0,2179961.0,2239944.0,2305226.0,2456319.0,2533708.0,2607229.0,2687909.0,2775271.0,2867971.0
Burkina Faso,"Population of the official age for tertiary education, both sexes (number)",SP.TER.TOTL.IN,1210878.0,1248354.0,1281062.0,1313764.0,1347105.0,1429767.0,1471090.0,1511404.0,1555222.0,1601898.0,
Burkina Faso,"Population of the official age for upper secondary education, both sexes (number)",SP.SEC.UTOT.IN,831314.0,854098.0,874191.0,896879.0,922236.0,983324.0,1014146.0,1042187.0,1072730.0,1105951.0,1141717.0
Burkina Faso,"Youth literacy rate, population 15-24 years, both sexes (%)",SE.ADT.1524.LT.ZS,32.96662,32.7306,39.25778,,,,,,,50.0963,
Botswana,"Adjusted net enrolment rate, upper secondary, both sexes (%)",UIS.NERA.3,,,,,,,,,28.2575798034668,,
Botswana,GDP per capita (current US$),NY.GDP.PCAP.CD,5351.25373171646,5374.55486690776,5714.0479369416,5623.37956613594,5185.72984538137,6346.15620387349,7645.21461151315,7029.23145024034,7007.62578590176,7497.76237763566,6532.04467749128
Botswana,Government expenditure on education as % of GDP (%),SE.XPD.TOTL.GD.ZS,10.6785898208618,,8.85149002075195,,9.63292026519775,,,,,,
Botswana,"Gross enrolment ratio, tertiary, both sexes (%)",SE.TER.ENRR,9.16608047485352,10.0027599334717,10.1800699234009,14.1721601486206,21.7201404571533,19.1716995239258,17.1301498413086,21.1151695251465,,25.0358791351318,27.5310897827148
Botswana,"Gross enrolment ratio, upper secondary, both sexes (%)",SE.SEC.ENRR.UP,61.9547309875488,65.4318237304688,67.2430572509766,55.9463882446289,,,,,,,
Botswana,Internet users (per 100 people),IT.NET.USER.P2,3.262554036,4.289932975,5.28,6.25,6.15,6.0,9.0,16.0,30.0,36.74474744,37.31205037
Botswana,"Lower secondary completion rate, both sexes (%)",SE.SEC.CMPT.LO.ZS,84.0028991699219,87.5585632324219,86.0569229125977,88.1824798583984,,,,88.7707138061523,86.7544937133789,,
Botswana,"Population of the official age for secondary education, both sexes (number)",SP.SEC.TOTL.IN,220345.0,219663.0,219135.0,218861.0,218815.0,219038.0,219504.0,219807.0,219833.0,219707.0,219472.0
Botswana,"Population of the official age for tertiary education, both sexes (number)",SP.TER.TOTL.IN,214432.0,217320.0,218633.0,219649.0,220482.0,220982.0,221008.0,220756.0,,220196.0,220053.0
Botswana,"Population of the official age for upper secondary education, both sexes (number)",SP.SEC.UTOT.IN,88350.0,88243.0,88076.0,87818.0,87556.0,87468.0,87639.0,87834.0,87987.0,88068.0,87985.0
Botswana,"Youth literacy rate, population 15-24 years, both sexes (%)",SE.ADT.1524.LT.ZS,,,,,,,,,,,
Central African Republic,"Adjusted net enrolment rate, upper secondary, both sexes (%)",UIS.NERA.3,,,,,3.27033996582031,,,3.78315997123718,,,
Central African Republic,GDP per capita (current US$),NY.GDP.PCAP.CD,327.114946078927,347.607367766294,397.148046663325,456.861433397657,449.960183909181,446.443449375206,494.330677886517,486.410113966205,337.484961398269,377.13202741973,348.381417033715
Central African Republic,Government expenditure on education as % of GDP (%),SE.XPD.TOTL.GD.ZS,1.63694000244141,1.41453003883362,1.31264996528625,1.29009997844696,1.30320000648499,1.20408999919891,1.22393000125885,,,,
Central African Republic,"Gross enrolment ratio, tertiary, both sexes (%)",SE.TER.ENRR,,1.12782001495361,,2.27610993385315,2.44476008415222,2.55825996398926,2.98681998252869,2.77415990829468,,,
Central African Republic,"Gross enrolment ratio, upper secondary, both sexes (%)",SE.SEC.ENRR.UP,,,,,7.75696992874146,,9.12100028991699,9.09162044525146,,,
Central African Republic,Internet users (per 100 people),IT.NET.USER.P2,0.268195609,0.311159173,0.375815961,1.0,1.8,2.0,2.2,3.0,3.4,3.6,3.8
Central African Republic,"Lower secondary completion rate, both sexes (%)",SE.SEC.CMPT.LO.ZS,8.48281955718994,,,,9.3444299697876,,,12.7098503112793,,,
Central African Republic,"Population of the official age for secondary education, both sexes (number)",SP.SEC.TOTL.IN,638545.0,649390.0,658268.0,668679.0,680860.0,694845.0,710071.0,724519.0,738874.0,752813.0,766439.0
Central African Republic,"Population of the official age for tertiary education, both sexes (number)",SP.TER.TOTL.IN,385052.0,395632.0,405697.0,416193.0,426504.0,436156.0,444922.0,451380.0,,464331.0,
Central African Republic,"Population of the official age for upper secondary education, both sexes (number)",SP.SEC.UTOT.IN,262419.0,268058.0,271924.0,275459.0,278962.0,282944.0,287918.0,293908.0,300849.0,308084.0,315038.0
Central African Republic,"Youth literacy rate, population 15-24 years, both sexes (%)",SE.ADT.1524.LT.ZS,,,,,,36.35627,,,,,
Cote d'Ivoire,"Adjusted net enrolment rate, upper secondary, both sexes (%)",UIS.NERA.3,,,,,,,,,,,
Cote d'Ivoire,GDP per capita (current US$),NY.GDP.PCAP.CD,931.754286971344,951.947895564691,1065.89637469891,1242.43104388465,1217.74920575106,1219.74909551521,1214.70394645331,1262.48021811586,1423.68228222575,1569.92827532574,1434.32661467505
Cote d'Ivoire,Government expenditure on education as % of GDP (%),SE.XPD.TOTL.GD.ZS,4.1065502166748,4.00059986114502,4.25833988189697,4.36057996749878,4.39844989776611,4.56262016296387,4.12951993942261,4.61273002624512,4.74306011199951,4.72938013076782,5.03422021865845
Cote d'Ivoire,"Gross enrolment ratio, tertiary, both sexes (%)",SE.TER.ENRR,,,9.41854953765869,8.91781044006348,8.77849006652832,8.06916999816895,3.59932994842529,,8.61769962310791,8.68021011352539,9.15526962280273
Cote d'Ivoire,"Gross enrolment ratio, upper secondary, both sexes (%)",SE.SEC.ENRR.UP,,,,,,,,29.2985992431641,,26.0704002380371,27.7570304870605
Cote d'Ivoire,Internet users (per 100 people),IT.NET.USER.P2,1.039238205,1.524900791,1.8,1.9,2.0,2.7,2.9,5.0,12.0,19.2742298,21.88520842
Cote d'Ivoire,"Lower secondary completion rate, both sexes (%)",SE.SEC.CMPT.LO.ZS,,26.9710597991943,27.0468196868896,35.3829383850098,33.5890808105469,,28.6941890716553,31.9705791473389,,32.521671295166,35.0145492553711
Cote d'Ivoire,"Population of the official age for secondary education, both sexes (number)",SP.SEC.TOTL.IN,2751518.0,2820398.0,2890690.0,2970607.0,3058787.0,3153606.0,3252169.0,3349234.0,3443853.0,3534225.0,3618487.0
Cote d'Ivoire,"Population of the official age for tertiary education, both sexes (number)",SP.TER.TOTL.IN,1607160.0,1632765.0,1664503.0,1700766.0,1741711.0,1787917.0,1840118.0,1900538.0,1965153.0,2033406.0,2104678.0
Cote d'Ivoire,"Population of the official age for upper secondary education, both sexes (number)",SP.SEC.UTOT.IN,1098420.0,1124789.0,1150328.0,1179685.0,1212907.0,1250032.0,1290855.0,1333139.0,1377609.0,1423864.0,1469505.0
Cote d'Ivoire,"Youth literacy rate, population 15-24 years, both sexes (%)",SE.ADT.1524.LT.ZS,,,,,,,,48.30996,,53.02069,
Cameroon,"Adjusted net enrolment rate, upper secondary, both sexes (%)",UIS.NERA.3,,,,,,,,,19.2967491149902,18.5063304901123,
Cameroon,GDP per capita (current US$),NY.GDP.PCAP.CD,1030.03819294642,1081.36983060812,1215.80821289835,1396.82498760165,1338.88437707877,1309.12220801948,1429.64755266211,1380.50984820072,1493.74656747065,1571.18253466367,1353.92448961447
Cameroon,Government expenditure on education as % of GDP (%),SE.XPD.TOTL.GD.ZS,3.1230800151825,2.95489001274109,3.36702990531921,2.96932005882263,3.47274994850159,3.31309008598328,3.06405997276306,2.96862006187439,3.02990007400513,,
Cameroon,"Gross enrolment ratio, tertiary, both sexes (%)",SE.TER.ENRR,5.80821990966797,6.75809001922607,7.2037501335144,7.81625986099243,8.96290969848633,11.0382404327393,11.9260301589966,12.914210319519,15.0582399368286,16.0061206817627,17.4778995513916
Cameroon,"Gross enrolment ratio, upper secondary, both sexes (%)",SE.SEC.ENRR.UP,19.1295394897461,14.7961301803589,21.8323593139648,27.0585193634033,28.4994602203369,,32.5017318725586,35.938648223877,42.3226585388184,41.6311798095703,43.4091606140137
Cameroon,Internet users (per 100 people),IT.NET.USER.P2,1.402654226,2.028744791,2.93,3.4,3.84,4.3,5.0,7.5,10.0,16.21487223,20.68014766
Cameroon,"Lower secondary completion rate, both sexes (%)",SE.SEC.CMPT.LO.ZS,,18.2339096069336,19.6030502319336,25.8271999359131,24.276309967041,,39.9409408569336,,41.0901298522949,35.6770782470703,45.5544090270996
Cameroon,"Population of the official age for secondary education, both sexes (number)",SP.SEC.TOTL.IN,2943242.0,3014454.0,3075547.0,3137339.0,3200729.0,3265398.0,3331068.0,3395164.0,3466109.0,3544303.0,3630074.0
Cameroon,"Population of the official age for tertiary education, both sexes (number)",SP.TER.TOTL.IN,1719356.0,1780058.0,1834240.0,1888768.0,1942940.0,1996070.0,2047898.0,2093887.0,2139526.0,2185139.0,2231240.0
Cameroon,"Population of the official age for upper secondary education, both sexes (number)",SP.SEC.UTOT.IN,1191832.0,1224624.0,1251862.0,1279039.0,1307116.0,1335734.0,1363832.0,1388725.0,1414233.0,1440723.0,1469540.0
Cameroon,"Youth literacy rate, population 15-24 years, both sexes (%)",SE.ADT.1524.LT.ZS,,,83.13557,,,80.57444,,,,,
"Congo, Dem. Rep.","Adjusted net enrolment rate, upper secondary, both sexes (%)",UIS.NERA.3,,,,,,,,,,,
"Congo, Dem. Rep.",GDP per capita (current US$),NY.GDP.PCAP.CD,218.523509172798,252.843045383867,280.121743652117,318.120134053478,,318.075751596552,357.483493772145,398.140694830982,420.87049003093,461.56808529415,474.936048106405
"Congo, Dem. Rep.",Government expenditure on education as % of GDP (%),SE.XPD.TOTL.GD.ZS,,,,,,1.60178005695343,,,2.2453498840332,,
"Congo, Dem. Rep.","Gross enrolment ratio, tertiary, both sexes (%)",SE.TER.ENRR,,4.38501977920532,4.39247989654541,5.50515985488892,6.50257015228271,,7.8144998550415,7.92246007919312,6.64075994491577,,
"Congo, Dem. Rep.","Gross enrolment ratio, upper secondary, both sexes (%)",SE.SEC.ENRR.UP,,,28.0825691223145,31.5850791931152,33.1990203857422,33.7610015869141,35.5526809692383,35.6101188659667,34.9250984191895,36.7026901245117,
"Congo, Dem. Rep.",Internet users (per 100 people),IT.NET.USER.P2,0.238037799,0.29605361,0.37,0.44,0.56,0.72,1.2,1.679961015,2.2,3.0,3.799999507
"Congo, Dem. Rep.","Lower secondary completion rate, both sexes (%)",SE.SEC.CMPT.LO.ZS,,,,,,,,39.6840896606445,40.4641304016113,48.2298011779785,
"Congo, Dem. Rep.","Population of the official age for secondary education, both sexes (number)",SP.SEC.TOTL.IN,7511130.0,7779479.0,8028263.0,8290696.0,8566393.0,8851002.0,9142217.0,9432352.0,9746947.0,10087197.0,10453419.0
"Congo, Dem. Rep.","Population of the official age for tertiary education, both sexes (number)",SP.TER.TOTL.IN,5040867.0,5232430.0,5414612.0,5608178.0,5811042.0,6021958.0,6240773.0,6453185.0,6670603.0,6892908.0,
"Congo, Dem. Rep.","Population of the official age for upper secondary education, both sexes (number)",SP.SEC.UTOT.IN,4817932.0,4990207.0,5154275.0,5329995.0,5512316.0,5697175.0,5884093.0,6063628.0,6254713.0,6463132.0,6692036.0
"Congo, Dem. Rep.","Youth literacy rate, population 15-24 years, both sexes (%)",SE.ADT.1524.LT.ZS,,,65.77653,,,,,83.59755,,,
"Congo, Rep.","Adjusted net enrolment rate, upper secondary, both sexes (%)",UIS.NERA.3,,,,,,,,,,,
"Congo, Rep.",GDP per capita (current US$),NY.GDP.PCAP.CD,1637.06438124572,2012.11007047306,2111.20948856339,2881.59411605216,2255.33311863864,2737.34233022991,3196.64752370824,2952.05234806594,2964.57298903058,2910.52022576864,1712.12114632566
"Congo, Rep.",Government expenditure on education as % of GDP (%),SE.XPD.TOTL.GD.ZS,1.83616995811462,,,,,6.2178897857666,,,,,
"Congo, Rep.","Gross enrolment ratio, tertiary, both sexes (%)",SE.TER.ENRR,,,,,6.55394983291625,,9.11577033996582,10.4394598007202,9.71879959106445,,
"Congo, Rep.","Gross enrolment ratio, upper secondary, both sexes (%)",SE.SEC.ENRR.UP,,,,,,,,38.2801895141602,,,
"Congo, Rep.",Internet users (per 100 people),IT.NET.USER.P2,1.46342006,2.007990079,2.759704374,4.287509903,4.5,5.0,5.6,6.106695024,6.6,7.11,7.615974662
"Congo, Rep.","Lower secondary completion rate, both sexes (%)",SE.SEC.CMPT.LO.ZS,,,,44.9248085021973,46.0278396606445,45.0835189819336,47.0215301513672,51.9218788146973,,,
"Congo, Rep.","Population of the official age for secondary education, both sexes (number)",SP.SEC.TOTL.IN,522160.0,533181.0,545038.0,558606.0,573523.0,589333.0,605628.0,621982.0,639525.0,658244.0,678309.0
"Congo, Rep.","Population of the official age for tertiary education, both sexes (number)",SP.TER.TOTL.IN,327635.0,333705.0,340931.0,348847.0,356991.0,364880.0,372190.0,376485.0,381086.0,386803.0,
"Congo, Rep.","Population of the official age for upper secondary education, both sexes (number)",SP.SEC.UTOT.IN,214107.0,218283.0,222812.0,227688.0,232706.0,237834.0,243270.0,248865.0,255418.0,262733.0,270686.0
"Congo, Rep.","Youth literacy rate, population 15-24 years, both sexes (%)",SE.ADT.1524.LT.ZS,,,,,,,80.91395,,,,
Comoros,"Adjusted net enrolment rate, upper secondary, both sexes (%)",UIS.NERA.3,,,,,,,,,19.5877799987793,,
Comoros,GDP per capita (current US$),NY.GDP.PCAP.CD,621.903370202384,648.300871676333,720.759301258731,795.970501862599,778.545419864544,769.174288260466,829.758688479073,788.632652955229,834.341094890303,852.954307862846,727.646386827046
Comoros,Government expenditure on education as % of GDP (%),SE.XPD.TOTL.GD.ZS,,,,7.69660997390747,,,4.94434976577759,4.88066005706787,4.30224990844727,4.86861991882324,4.34328985214233
Comoros,"Gross enrolment ratio, tertiary, both sexes (%)",SE.TER.ENRR,,,4.05386018753052,,5.80089998245239,5.69981002807617,7.90915012359619,8.59988975524902,8.68262958526611,8.9284200668335,
Comoros,"Gross enrolment ratio, upper secondary, both sexes (%)",SE.SEC.ENRR.UP,,,,,,,,,50.3670616149902,51.9897499084473,
Comoros,Internet users (per 100 people),IT.NET.USER.P2,2.0,2.2,2.5,3.0,3.5,5.1,5.5,5.975296308,6.5,6.98,7.459161386
Comoros,"Lower secondary completion rate, both sexes (%)",SE.SEC.CMPT.LO.ZS,,,,,,,,,45.1444702148438,47.7088012695313,
Comoros,"Population of the official age for secondary education, both sexes (number)",SP.SEC.TOTL.IN,100644.0,102258.0,103690.0,105153.0,106716.0,108432.0,110294.0,112172.0,114211.0,116377.0,118640.0
Comoros,"Population of the official age for tertiary education, both sexes (number)",SP.TER.TOTL.IN,60542.0,62384.0,64087.0,65685.0,67162.0,68511.0,69742.0,70780.0,71764.0,72790.0,
Comoros,"Population of the official age for upper secondary education, both sexes (number)",SP.SEC.UTOT.IN,41325.0,42172.0,42824.0,43396.0,43947.0,44536.0,45198.0,45913.0,46723.0,47594.0,48495.0
Comoros,"Youth literacy rate, population 15-24 years, both sexes (%)",SE.ADT.1524.LT.ZS,,,,,,,,71.58127,,,
Cabo Verde,"Adjusted net enrolment rate, upper secondary, both sexes (%)",UIS.NERA.3,,26.260669708252,28.611349105835,,,,,34.5941886901855,35.4189300537109,36.0291290283203,
Cabo Verde,GDP per capita (current US$),NY.GDP.PCAP.CD,2048.13459038853,2304.2899020136,3112.28571215206,3638.90594639645,3444.55659984684,3312.82598480901,3670.42945259692,3408.48276238421,3558.79631355078,3529.61840305663,2954.11946734235
Cabo Verde,Government expenditure on education as % of GDP (%),SE.XPD.TOTL.GD.ZS,,6.52960014343262,5.40638017654419,5.50567007064819,5.30424022674561,5.55001020431519,5.04101991653442,,4.99245023727416,,
Cabo Verde,"Gross enrolment ratio, tertiary, both sexes (%)",SE.TER.ENRR,7.46140003204346,8.31694030761719,9.29753971099854,11.4715995788574,14.4666204452515,17.3055591583252,20.0860195159912,20.121410369873,22.3113803863525,22.9821796417236,21.707820892334
Cabo Verde,"Gross enrolment ratio, upper secondary, both sexes (%)",SE.SEC.ENRR.UP,45.1853218078613,60.8884086608887,60.3047790527344,63.7488594055176,62.0873794555664,65.928596496582,67.2115097045898,71.4498901367188,72.6045532226563,72.3129501342773,72.6379318237305
Cabo Verde,Internet users (per 100 people),IT.NET.USER.P2,6.074087107,6.808911008,8.28321982,14.0,21.0,30.0,32.0,34.74,37.5,40.26,47.96162392
Cabo Verde,"Lower secondary completion rate, both sexes (%)",SE.SEC.CMPT.LO.ZS,52.2458381652832,70.2391967773438,68.3153533935547,73.4433822631835,73.6643676757813,72.3210525512695,79.9687118530273,78.6594085693359,77.5937805175781,75.6984786987305,76.3908920288085
Cabo Verde,"Population of the official age for secondary education, both sexes (number)",SP.SEC.TOTL.IN,76676.0,76804.0,75818.0,74496.0,72980.0,71326.0,69495.0,67721.0,66101.0,64618.0,63141.0
Cabo Verde,"Population of the official age for tertiary education, both sexes (number)",SP.TER.TOTL.IN,52403.0,54912.0,56886.0,58039.0,58514.0,58617.0,58593.0,58644.0,58571.0,58293.0,57758.0
Cabo Verde,"Population of the official age for upper secondary education, both sexes (number)",SP.SEC.UTOT.IN,37853.0,38293.0,37929.0,37414.0,36898.0,36356.0,35668.0,34844.0,34075.0,33373.0,32662.0
Cabo Verde,"Youth literacy rate, population 15-24 years, both sexes (%)",SE.ADT.1524.LT.ZS,,,,,,,,98.12897,,,98.11131
Eritrea,"Adjusted net enrolment rate, upper secondary, both sexes (%)",UIS.NERA.3,9.67247009277344,10.3694801330566,11.7453804016113,13.2567901611328,14.7991304397583,18.2775001525879,18.0921592712402,16.6978492736816,15.7608098983765,,
Eritrea,GDP per capita (current US$),NY.GDP.PCAP.CD,276.750809646129,297.828058802925,317.329433586554,326.082564151512,430.754449938105,482.1490904235,582.775530237486,,,,
Eritrea,Government expenditure on education as % of GDP (%),SE.XPD.TOTL.GD.ZS,,2.12700009346008,,,,,,,,,
Eritrea,"Gross enrolment ratio, tertiary, both sexes (%)",SE.TER.ENRR,,,,,1.92062997817993,2.32966995239258,,,,2.56538009643555,
Eritrea,"Gross enrolment ratio, upper secondary, both sexes (%)",SE.SEC.ENRR.UP,17.8483905792236,18.1191997528076,17.7720108032227,19.912109375,21.712230682373,23.3467903137207,24.9163208007813,24.0771293640137,27.5269603729248,28.3394908905029,23.0796699523926
Eritrea,Internet users (per 100 people),IT.NET.USER.P2,,,0.41,0.47,0.54,0.61,0.7,0.8,0.9,0.99,1.083733116
Eritrea,"Lower secondary completion rate, both sexes (%)",SE.SEC.CMPT.LO.ZS,,30.3478507995605,32.2960090637207,33.1603317260742,36.516300201416,37.1127510070801,43.1810302734375,55.3558616638184,,,31.0370407104492
Eritrea,"Population of the official age for secondary education, both sexes (number)",SP.SEC.TOTL.IN,762060.0,761308.0,752242.0,741991.0,733117.0,727423.0,726239.0,726753.0,756304.0,777134.0,804606.0
Eritrea,"Population of the official age for tertiary education, both sexes (number)",SP.TER.TOTL.IN,474884.0,496537.0,508060.0,515319.0,518006.0,516768.0,,,,489362.0,
Eritrea,"Population of the official age for upper secondary education, both sexes (number)",SP.SEC.UTOT.IN,436538.0,439887.0,434886.0,427117.0,419045.0,412819.0,409310.0,405663.0,410899.0,416673.0,427974.0
Eritrea,"Youth literacy rate, population 15-24 years, both sexes (%)",SE.ADT.1524.LT.ZS,,,,86.97491,,,,,,,
Ethiopia,"Adjusted net enrolment rate, upper secondary, both sexes (%)",UIS.NERA.3,,,,,,,,,,,
Ethiopia,GDP per capita (current US$),NY.GDP.PCAP.CD,161.626624773078,193.794905642516,243.302682246946,325.382554265056,379.756638540888,341.309909200504,354.846354368724,468.506724907536,502.153588732071,571.162275886001,645.465006707765
Ethiopia,Government expenditure on education as % of GDP (%),SE.XPD.TOTL.GD.ZS,,5.50581979751587,5.43685007095337,5.41786003112792,4.42573022842407,4.4961199760437,5.48400020599365,5.56762981414795,4.50051021575928,,
Ethiopia,"Gross enrolment ratio, tertiary, both sexes (%)",SE.TER.ENRR,2.751620054245,,,3.53653001785278,5.24737977981567,7.3322901725769,7.75743007659912,8.14472961425781,,8.12604045867919,
Ethiopia,"Gross enrolment ratio, upper secondary, both sexes (%)",SE.SEC.ENRR.UP,6.37436008453369,7.72633981704712,11.1653699874878,12.4466400146484,14.646089553833,16.2062702178955,17.1316299438477,17.8720397949219,,,17.6799907684326
Ethiopia,Internet users (per 100 people),IT.NET.USER.P2,0.219659819,0.310592657,0.37,0.45,0.54,0.75,1.1,2.9,4.6,7.7,11.6
Ethiopia,"Lower secondary completion rate, both sexes (%)",SE.SEC.CMPT.LO.ZS,18.8868103027344,,,29.1837196350098,27.6659202575684,28.5385799407958,,25.7135391235352,,29.379919052124,29.6784896850586
Ethiopia,"Population of the official age for secondary education, both sexes (number)",SP.SEC.TOTL.IN,10054259.0,10376704.0,10722546.0,11132392.0,11593548.0,12085365.0,12598740.0,13072327.0,13517166.0,13924471.0,14296881.0
Ethiopia,"Population of the official age for tertiary education, both sexes (number)",SP.TER.TOTL.IN,6949067.0,7153790.0,7330668.0,7488195.0,7659398.0,7877398.0,8151459.0,8512097.0,,9317883.0,
Ethiopia,"Population of the official age for upper secondary education, both sexes (number)",SP.SEC.UTOT.IN,3119041.0,3196285.0,3281306.0,3396066.0,3533536.0,3683982.0,3849973.0,4013945.0,4176676.0,4338227.0,4499928.0
Ethiopia,"Youth literacy rate, population 15-24 years, both sexes (%)",SE.ADT.1524.LT.ZS,44.60597,,54.98298,,,,,,,,
Gabon,"Adjusted net enrolment rate, upper secondary, both sexes (%)",UIS.NERA.3,,,,,,,,,,,
Gabon,GDP per capita (current US$),NY.GDP.PCAP.CD,6826.88054459085,7141.54916678737,8352.81710056754,10094.0274577256,7603.66022253846,8754.11392185095,10716.2032034624,9774.18076112105,9679.75920410781,9692.16387376944,7388.98414439318
Gabon,Government expenditure on education as % of GDP (%),SE.XPD.TOTL.GD.ZS,,,,,,3.07873010635376,2.98800992965698,3.01219010353088,3.0298900604248,2.66616988182068,
Gabon,"Gross enrolment ratio, tertiary, both sexes (%)",SE.TER.ENRR,,,,,,,,,,,
Gabon,"Gross enrolment ratio, upper secondary, both sexes (%)",SE.SEC.ENRR.UP,,,,,,,,,,,
Gabon,Internet users (per 100 people),IT.NET.USER.P2,4.89326475,5.489200803,5.767004576,7.5,9.5,13.0,18.0,24.0,30.53803344,38.07120929,45.78453653
Gabon,"Lower secondary completion rate, both sexes (%)",SE.SEC.CMPT.LO.ZS,,,,,,,,,,,
Gabon,"Population of the official age for secondary education, both sexes (number)",SP.SEC.TOTL.IN,212307.0,216854.0,221266.0,225394.0,229331.0,233200.0,236985.0,244392.0,247686.0,250879.0,254032.0
Gabon,"Population of the official age for tertiary education, both sexes (number)",SP.TER.TOTL.IN,127626.0,131678.0,135614.0,139475.0,143233.0,146861.0,150319.0,,,162513.0,
Gabon,"Population of the official age for upper secondary education, both sexes (number)",SP.SEC.UTOT.IN,86629.0,88783.0,90846.0,92758.0,94562.0,96299.0,97975.0,101407.0,103056.0,104660.0,106120.0
Gabon,"Youth literacy rate, population 15-24 years, both sexes (%)",SE.ADT.1524.LT.ZS,,,,,,,,88.50414,,,
Ghana,"Adjusted net enrolment rate, upper secondary, both sexes (%)",UIS.NERA.3,,,17.8927001953125,15.6383304595947,11.1799697875977,,,,,23.598840713501,24.9852294921875
Ghana,GDP per capita (current US$),NY.GDP.PCAP.CD,498.172390362402,922.93516768545,1090.68671771468,1224.40155350237,1086.76503836319,1312.60755731025,1574.97865331211,1629.80022222505,1814.492297022,1432.2279425605,1361.1139050484
Ghana,Government expenditure on education as % of GDP (%),SE.XPD.TOTL.GD.ZS,7.42208003997803,5.2599401473999,5.51986980438232,5.75795984268188,5.31744003295898,5.54059982299805,8.14097023010254,7.91913986206055,6.09818983078003,6.17854976654053,
Ghana,"Gross enrolment ratio, tertiary, both sexes (%)",SE.TER.ENRR,5.8738899230957,5.26497983932495,6.52113008499146,8.64521980285645,9.01939964294434,,12.078200340271,12.1824102401733,14.3049898147583,15.8938798904419,16.2305107116699
Ghana,"Gross enrolment ratio, upper secondary, both sexes (%)",SE.SEC.ENRR.UP,19.5892906188965,19.6445999145508,25.1545600891113,25.2303199768066,26.6855392456055,,37.8906211853027,39.2504005432129,41.951171875,36.4162406921387,38.5576705932617
Ghana,Internet users (per 100 people),IT.NET.USER.P2,1.831197461,2.723175973,3.85,4.27,5.44,7.8,9.0,10.6,15.0,25.51773743,31.44785241
Ghana,"Lower secondary completion rate, both sexes (%)",SE.SEC.CMPT.LO.ZS,56.789421081543,,,64.0174102783203,70.8244171142578,,66.8569183349609,66.4318771362305,70.0783615112305,69.1348571777344,77.514892578125
Ghana,"Population of the official age for secondary education, both sexes (number)",SP.SEC.TOTL.IN,3336856.0,3418108.0,3491449.0,3565068.0,3637323.0,3704082.0,3763408.0,3810765.0,3858126.0,3910359.0,3972319.0
Ghana,"Population of the official age for tertiary education, both sexes (number)",SP.TER.TOTL.IN,2035431.0,2092770.0,2147129.0,2200903.0,2254873.0,2309918.0,2366760.0,2424347.0,2480379.0,2530169.0,2572525.0
Ghana,"Population of the official age for upper secondary education, both sexes (number)",SP.SEC.UTOT.IN,1837821.0,1883393.0,1926442.0,1974747.0,2025250.0,2072055.0,2111140.0,2136167.0,2155084.0,2174225.0,2199879.0
Ghana,"Youth literacy rate, population 15-24 years, both sexes (%)",SE.ADT.1524.LT.ZS,,,,,,85.71615,,,,,
Guinea,"Adjusted net enrolment rate, upper secondary, both sexes (%)",UIS.NERA.3,,10.3048601150513,,,,,,,,17.5681095123291,
Guinea,GDP per capita (current US$),NY.GDP.PCAP.CD,303.42449798582,427.069185852702,622.151667177585,674.597106795942,636.271709466238,635.671485240139,614.86944823632,654.799802694386,726.094074670497,744.682317792726,725.064689715606
Guinea,Government expenditure on education as % of GDP (%),SE.XPD.TOTL.GD.ZS,1.84968996047974,,,2.43606996536255,3.22082996368408,3.69437003135681,3.06633996963501,2.47077989578247,3.54483008384705,3.20816993713379,
Guinea,"Gross enrolment ratio, tertiary, both sexes (%)",SE.TER.ENRR,2.88111996650696,5.03036022186279,7.816339969635,8.90979957580566,9.02359962463379,10.2600498199463,10.4034404754639,9.89186000823975,10.378870010376,10.8493299484253,
Guinea,"Gross enrolment ratio, upper secondary, both sexes (%)",SE.SEC.ENRR.UP,18.9784698486328,21.4134292602539,,24.127290725708,,,28.3847007751465,28.0823192596436,,30.7243499755859,
Guinea,Internet users (per 100 people),IT.NET.USER.P2,0.542254181,0.637492123,0.780025279,0.92,0.94,1.0,2.0,3.1,4.5,6.4,8.2
Guinea,"Lower secondary completion rate, both sexes (%)",SE.SEC.CMPT.LO.ZS,23.1407699584961,25.0206394195557,30.5938396453857,,34.1958084106445,35.5456809997559,31.1698303222656,35.6954116821289,35.9904518127441,35.0682907104492,
Guinea,"Population of the official age for secondary education, both sexes (number)",SP.SEC.TOTL.IN,1438831.0,1476780.0,1514636.0,1557164.0,1603256.0,1651583.0,1700964.0,1747465.0,1794984.0,1843487.0,1893350.0
Guinea,"Population of the official age for tertiary education, both sexes (number)",SP.TER.TOTL.IN,825650.0,849064.0,873312.0,900379.0,929640.0,960307.0,991903.0,1022790.0,1054585.0,1087099.0,
Guinea,"Population of the official age for upper secondary education, both sexes (number)",SP.SEC.UTOT.IN,574414.0,590139.0,605707.0,623203.0,642420.0,662856.0,683798.0,703318.0,723054.0,743290.0,764333.0
Guinea,"Youth literacy rate, population 15-24 years, both sexes (%)",SE.ADT.1524.LT.ZS,,,,,,31.40642,,,,46.29505,
"Gambia, The","Adjusted net enrolment rate, upper secondary, both sexes (%)",UIS.NERA.3,,,,,,,,,,,
"Gambia, The",GDP per capita (current US$),NY.GDP.PCAP.CD,432.192906552327,439.342367277086,519.045267329458,607.947972854279,549.310828290351,562.482515949497,514.373860134866,504.974009761754,483.486300793845,434.465647079162,458.969002463444
"Gambia, The",Government expenditure on education as % of GDP (%),SE.XPD.TOTL.GD.ZS,1.13917994499207,1.20948994159698,1.30850994586945,3.52742004394531,3.072350025177,4.15337991714478,3.89921998977661,4.08974981307983,2.76770997047424,,
"Gambia, The","Gross enrolment ratio, tertiary, both sexes (%)",SE.TER.ENRR,,,,,,2.17297005653381,3.41641998291016,3.1042799949646,,,
"Gambia, The","Gross enrolment ratio, upper secondary, both sexes (%)",SE.SEC.ENRR.UP,,,,51.3908882141113,49.4976387023926,47.7577781677246,,,,,
"Gambia, The",Internet users (per 100 people),IT.NET.USER.P2,3.799001139,5.237691158,6.205037419,6.88,7.63,9.2,10.8703,12.44922872,14.0,15.56,16.5
"Gambia, The","Lower secondary completion rate, both sexes (%)",SE.SEC.CMPT.LO.ZS,66.5283813476563,66.1517333984375,63.2014083862305,57.7512283325195,60.5242309570313,60.1050300598145,63.7120780944824,64.6090469360352,64.2787170410156,63.7363395690917,
"Gambia, The","Population of the official age for secondary education, both sexes (number)",SP.SEC.TOTL.IN,185096.0,190248.0,195823.0,202146.0,209097.0,216524.0,224334.0,232521.0,241127.0,249984.0,259023.0
"Gambia, The","Population of the official age for tertiary education, both sexes (number)",SP.TER.TOTL.IN,136341.0,139795.0,142350.0,145189.0,148513.0,152418.0,156831.0,161100.0,165970.0,171425.0,
"Gambia, The","Population of the official age for upper secondary education, both sexes (number)",SP.SEC.UTOT.IN,88932.0,91163.0,93541.0,96305.0,99332.0,102599.0,106141.0,109875.0,113934.0,118225.0,122664.0
"Gambia, The","Youth literacy rate, population 15-24 years, both sexes (%)",SE.ADT.1524.LT.ZS,,,,,,,,,60.7779,,
Guinea-Bissau,"Adjusted net enrolment rate, upper secondary, both sexes (%)",UIS.NERA.3,,,,,,,,,,,
Guinea-Bissau,GDP per capita (current US$),NY.GDP.PCAP.CD,424.953458492385,418.944500393414,481.069497596642,583.544562168827,544.222077875623,546.721668646992,688.771819686925,604.268355185121,622.135106579748,611.438426719103,585.210556939796
Guinea-Bissau,Government expenditure on education as % of GDP (%),SE.XPD.TOTL.GD.ZS,,,,,,1.86755001544952,1.84465003013611,1.98954999446869,2.17313003540039,,
Guinea-Bissau,"Gross enrolment ratio, tertiary, both sexes (%)",SE.TER.ENRR,2.16777992248535,2.50136995315552,,,,,,,,,
Guinea-Bissau,"Gross enrolment ratio, upper secondary, both sexes (%)",SE.SEC.ENRR.UP,19.2740306854248,,,,,,,,,,
Guinea-Bissau,Internet users (per 100 people),IT.NET.USER.P2,1.901365316,2.057196705,2.206302237,2.354888711,2.303280592,2.45,2.672,2.893990621,3.1,3.32,3.540706917
Guinea-Bissau,"Lower secondary completion rate, both sexes (%)",SE.SEC.CMPT.LO.ZS,,,,,,35.2356414794922,,,,,
Guinea-Bissau,"Population of the official age for secondary education, both sexes (number)",SP.SEC.TOTL.IN,165420.0,169038.0,172245.0,175481.0,178634.0,181773.0,224182.0,227565.0,231367.0,235634.0,240303.0
Guinea-Bissau,"Population of the official age for tertiary education, both sexes (number)",SP.TER.TOTL.IN,144018.0,147479.0,150205.0,153026.0,156170.0,159615.0,163392.0,,,174100.0,
Guinea-Bissau,"Population of the official age for upper secondary education, both sexes (number)",SP.SEC.UTOT.IN,63474.0,64801.0,66072.0,67464.0,68941.0,70416.0,108713.0,110287.0,112019.0,113946.0,116043.0
Guinea-Bissau,"Youth literacy rate, population 15-24 years, both sexes (%)",SE.ADT.1524.LT.ZS,,,,,,,,,,60.40235,
Equatorial Guinea,"Adjusted net enrolment rate, upper secondary, both sexes (%)",UIS.NERA.3,,,,,,,,,,,
Equatorial Guinea,GDP per capita (current US$),NY.GDP.PCAP.CD,10850.6333446261,12732.0275869622,15761.8391282779,22742.3815908012,16530.2093729134,17136.4456757583,21451.8861709069,21557.6527999109,20246.9930826625,19245.6515117119,10717.4821761177
Equatorial Guinea,Government expenditure on education as % of GDP (%),SE.XPD.TOTL.GD.ZS,,,,,,,,,,,
Equatorial Guinea,"Gross enrolment ratio, tertiary, both sexes (%)",SE.TER.ENRR,,,,,,,,,,,
Equatorial Guinea,"Gross enrolment ratio, upper secondary, both sexes (%)",SE.SEC.ENRR.UP,10.5608701705933,,,,,,,,,,
Equatorial Guinea,Internet users (per 100 people),IT.NET.USER.P2,1.149789671,1.279193596,1.557123059,1.82,2.13,6.0,11.5,13.94318219,16.4,18.86,21.31999999
Equatorial Guinea,"Lower secondary completion rate, both sexes (%)",SE.SEC.CMPT.LO.ZS,19.706470489502,,,,,,27.9235706329346,32.1316909790039,,,27.6216697692871
Equatorial Guinea,"Population of the official age for secondary education, both sexes (number)",SP.SEC.TOTL.IN,93324.0,96725.0,84574.0,86848.0,88887.0,90892.0,92887.0,95088.0,97289.0,99450.0,101550.0
Equatorial Guinea,"Population of the official age for tertiary education, both sexes (number)",SP.TER.TOTL.IN,46642.0,50654.0,54809.0,58922.0,62696.0,65958.0,68695.0,,,74549.0,
Equatorial Guinea,"Population of the official age for upper secondary education, both sexes (number)",SP.SEC.UTOT.IN,37014.0,39086.0,26809.0,27680.0,28370.0,29021.0,29628.0,30345.0,31109.0,31852.0,32532.0
Equatorial Guinea,"Youth literacy rate, population 15-24 years, both sexes (%)",SE.ADT.1524.LT.ZS,,,,,,,,,,,
Kenya,"Adjusted net enrolment rate, upper secondary, both sexes (%)",UIS.NERA.3,18.1755294799805,19.8721008300781,,27.4208393096924,30.0158405303955,,,,,,
Kenya,GDP per capita (current US$),NY.GDP.PCAP.CD,519.799934598691,697.006638520849,839.108111670398,916.899251500998,920.081625174945,967.340077341325,987.445396712381,1155.02058181812,1229.11479786504,1335.06458006543,1349.97014383813
Kenya,Government expenditure on education as % of GDP (%),SE.XPD.TOTL.GD.ZS,7.36066007614136,7.02861976623535,,,,5.51531982421875,5.33416986465454,5.50300979614258,5.41311979293823,5.27475023269653,5.2739200592041
Kenya,"Gross enrolment ratio, tertiary, both sexes (%)",SE.TER.ENRR,2.9662299156189,,,,4.04682016372681,,,,,,
Kenya,"Gross enrolment ratio, upper secondary, both sexes (%)",SE.SEC.ENRR.UP,27.6335201263428,30.810359954834,35.3221092224121,41.2394409179688,44.0635986328125,,,,,,
Kenya,Internet users (per 100 people),IT.NET.USER.P2,3.101897702,3.6,4.4,5.2,6.1,7.2,8.8,10.5,13.0,16.5,21.0
Kenya,"Lower secondary completion rate, both sexes (%)",SE.SEC.CMPT.LO.ZS,,,,,,,,,,83.1077575683594,84.4290390014648
Kenya,"Population of the official age for secondary education, both sexes (number)",SP.SEC.TOTL.IN,5153538.0,5157320.0,5181057.0,5229957.0,5302470.0,5402045.0,5521788.0,5666085.0,5829085.0,6011878.0,6213169.0
Kenya,"Population of the official age for tertiary education, both sexes (number)",SP.TER.TOTL.IN,3827486.0,3941365.0,4026545.0,4098241.0,4150983.0,4185194.0,4199000.0,4197146.0,4207343.0,4241126.0,4295969.0
Kenya,"Population of the official age for upper secondary education, both sexes (number)",SP.SEC.UTOT.IN,3426646.0,3417786.0,3412265.0,3423684.0,3456862.0,3512253.0,3579315.0,3659360.0,3751850.0,3861272.0,3988248.0
Kenya,"Youth literacy rate, population 15-24 years, both sexes (%)",SE.ADT.1524.LT.ZS,,,82.39047,,,,,,,86.52563,
Liberia,"Adjusted net enrolment rate, upper secondary, both sexes (%)",UIS.NERA.3,,,,,,,,,,7.56979990005493,
Liberia,GDP per capita (current US$),NY.GDP.PCAP.CD,168.648025438255,178.92709898994,210.373329173465,232.061732031702,303.066749083307,327.420509735634,379.68958030469,415.036195795687,454.122223619442,458.465173386609,452.038071650923
Liberia,Government expenditure on education as % of GDP (%),SE.XPD.TOTL.GD.ZS,,,,3.16142010688782,,,,2.75756001472473,,,
Liberia,"Gross enrolment ratio, tertiary, both sexes (%)",SE.TER.ENRR,,,,,,9.29887962341309,,11.6385698318481,,,
Liberia,"Gross enrolment ratio, upper secondary, both sexes (%)",SE.SEC.ENRR.UP,,,,,,,40.3447494506836,,,29.932409286499,29.4968395233154
Liberia,Internet users (per 100 people),IT.NET.USER.P2,,,0.551376581,0.53,2.0,2.3,2.5,2.6,3.2,5.41,5.903867603
Liberia,"Lower secondary completion rate, both sexes (%)",SE.SEC.CMPT.LO.ZS,,,,35.5368995666504,39.5611915588379,,42.0350685119629,,,37.2043190002441,
Liberia,"Population of the official age for secondary education, both sexes (number)",SP.SEC.TOTL.IN,426316.0,433197.0,444722.0,461307.0,481531.0,503554.0,526262.0,547916.0,568631.0,588425.0,608132.0
Liberia,"Population of the official age for tertiary education, both sexes (number)",SP.TER.TOTL.IN,313150.0,319770.0,328288.0,338491.0,349443.0,359936.0,,377048.0,385326.0,395185.0,
Liberia,"Population of the official age for upper secondary education, both sexes (number)",SP.SEC.UTOT.IN,207061.0,210250.0,214708.0,220674.0,228071.0,236798.0,246907.0,257180.0,267443.0,277405.0,287363.0
Liberia,"Youth literacy rate, population 15-24 years, both sexes (%)",SE.ADT.1524.LT.ZS,,,49.07411,,,,,,,,
Lesotho,"Adjusted net enrolment rate, upper secondary, both sexes (%)",UIS.NERA.3,,,,,,10.0397500991821,,,,11.642370223999,
Lesotho,GDP per capita (current US$),NY.GDP.PCAP.CD,862.946308366279,915.775748629971,918.540696236012,935.394139075698,924.105932063372,1169.26784178666,1350.67765339316,1281.62055793461,1192.99877202102,1218.46610553204,1152.31958533797
Lesotho,Government expenditure on education as % of GDP (%),SE.XPD.TOTL.GD.ZS,12.0796699523926,11.2712802886963,,11.3611402511597,,,,,,,
Lesotho,"Gross enrolment ratio, tertiary, both sexes (%)",SE.TER.ENRR,3.67338991165161,3.88129997253418,,,,,,10.8229999542236,10.1483097076416,9.84220027923583,
Lesotho,"Gross enrolment ratio, upper secondary, both sexes (%)",SE.SEC.ENRR.UP,26.3190593719482,26.775260925293,24.5326995849609,26.0187301635742,27.9286804199219,31.962459564209,35.3054008483887,39.2416496276855,36.8320617675781,37.2925415039063,40.0250091552734
Lesotho,Internet users (per 100 people),IT.NET.USER.P2,2.580245484,2.979708187,3.44543126,3.58,3.72,3.86,7.0,10.0,15.0,22.0,25.0
Lesotho,"Lower secondary completion rate, both sexes (%)",SE.SEC.CMPT.LO.ZS,31.4109497070313,31.5901699066162,30.680549621582,32.1250915527344,37.6879692077637,40.5324287414551,,41.3270416259766,40.958610534668,42.8636512756348,
Lesotho,"Population of the official age for secondary education, both sexes (number)",SP.SEC.TOTL.IN,238701.0,241148.0,243164.0,245035.0,247068.0,249637.0,251504.0,252524.0,252234.0,250782.0,248147.0
Lesotho,"Population of the official age for tertiary education, both sexes (number)",SP.TER.TOTL.IN,215550.0,218999.0,222225.0,225351.0,228603.0,231786.0,,235674.0,237212.0,239225.0,
Lesotho,"Population of the official age for upper secondary education, both sexes (number)",SP.SEC.UTOT.IN,93324.0,94606.0,95603.0,96223.0,96750.0,97602.0,98577.0,99611.0,100589.0,101165.0,100777.0
Lesotho,"Youth literacy rate, population 15-24 years, both sexes (%)",SE.ADT.1524.LT.ZS,,,,,83.19441,,,,,86.6322,
Madagascar,"Adjusted net enrolment rate, upper secondary, both sexes (%)",UIS.NERA.3,,,,6.05177021026611,6.19799995422363,,7.69257020950317,8.0478401184082,,9.62339973449707,
Madagascar,GDP per capita (current US$),NY.GDP.PCAP.CD,274.819702299258,292.150744287583,377.848292823497,470.733254004499,415.689322591492,412.730934137725,454.963463976433,443.906100111531,461.723072174234,452.463192574895,402.088307201027
Madagascar,Government expenditure on education as % of GDP (%),SE.XPD.TOTL.GD.ZS,3.84581995010376,3.28716993331909,3.36003994941711,2.90694999694824,3.1825098991394,,2.78583002090454,2.72885990142822,2.08204007148743,,
Madagascar,"Gross enrolment ratio, tertiary, both sexes (%)",SE.TER.ENRR,2.82939004898071,2.98938989639282,3.33787989616394,3.24327993392944,3.43829989433289,3.60552000999451,4.00569009780884,4.08568000793457,4.24579000473022,4.77555990219116,
Madagascar,"Gross enrolment ratio, upper secondary, both sexes (%)",SE.SEC.ENRR.UP,10.7657098770142,11.4867401123047,12.2700395584106,13.843560218811,14.3917398452759,,18.1069507598877,19.2597103118896,,21.5841999053955,
Madagascar,Internet users (per 100 people),IT.NET.USER.P2,0.567721802,0.607552239,0.65,1.65,1.63,1.7,1.9,2.3,3.0,3.7,4.17397219
Madagascar,"Lower secondary completion rate, both sexes (%)",SE.SEC.CMPT.LO.ZS,17.8339195251465,19.6721591949463,21.8945503234863,24.5571708679199,26.6719398498535,28.5868701934814,31.3304195404053,33.3850898742676,37.7044792175292,37.0476684570313,37.8248596191406
Madagascar,"Population of the official age for secondary education, both sexes (number)",SP.SEC.TOTL.IN,2937227.0,3042886.0,3148116.0,3254730.0,3365016.0,3477926.0,3590095.0,3694852.0,3793938.0,3886647.0,3972980.0
Madagascar,"Population of the official age for tertiary education, both sexes (number)",SP.TER.TOTL.IN,1588609.0,1661875.0,1747005.0,1913770.0,1991099.0,2064725.0,2135662.0,2208570.0,2285935.0,2366736.0,
Madagascar,"Population of the official age for upper secondary education, both sexes (number)",SP.SEC.UTOT.IN,1165878.0,1211780.0,1253647.0,1294696.0,1337608.0,1383363.0,1432798.0,1483615.0,1535392.0,1585229.0,1630159.0
Madagascar,"Youth literacy rate, population 15-24 years, both sexes (%)",SE.ADT.1524.LT.ZS,,,,,64.94025,,,76.82916,,,
Mali,"Adjusted net enrolment rate, upper secondary, both sexes (%)",UIS.NERA.3,,,,13.3910398483276,14.7756299972534,15.5527296066284,14.6344804763794,,16.4386806488037,17.6981391906738,
Mali,GDP per capita (current US$),NY.GDP.PCAP.CD,487.940255637836,521.642579626446,595.636831880323,689.678422757148,697.015312357325,708.370763247419,835.088909759748,777.347686759476,803.893575679405,848.227948548031,749.950157148436
Mali,Government expenditure on education as % of GDP (%),SE.XPD.TOTL.GD.ZS,3.5265200138092,,,3.41752004623413,3.87067008018494,3.34321999549866,3.75663995742798,3.48077988624573,3.39390993118286,3.73928999900818,
Mali,"Gross enrolment ratio, tertiary, both sexes (%)",SE.TER.ENRR,,,,5.31569004058838,5.86168003082275,6.0443902015686,6.34235000610352,6.87478017807007,,,
Mali,"Gross enrolment ratio, upper secondary, both sexes (%)",SE.SEC.ENRR.UP,14.0624103546143,14.8360996246338,17.2212104797363,21.8167400360107,25.0104103088379,26.6773700714111,24.8536205291748,,28.0985794067383,30.186279296875,29.1897106170654
Mali,Internet users (per 100 people),IT.NET.USER.P2,0.507063136,0.729627281,0.81,1.57,1.8,2.0,2.2,2.8,3.5,7.0,10.33
Mali,"Lower secondary completion rate, both sexes (%)",SE.SEC.CMPT.LO.ZS,,,,30.1527996063232,33.3831787109375,35.6406211853027,39.5035285949707,,29.7490692138672,32.9483985900879,30.5028991699219
Mali,"Population of the official age for secondary education, both sexes (number)",SP.SEC.TOTL.IN,1681697.0,1734314.0,1783302.0,1837554.0,1895270.0,1955725.0,2018374.0,2073950.0,2137052.0,2208735.0,2288893.0
Mali,"Population of the official age for tertiary education, both sexes (number)",SP.TER.TOTL.IN,1188036.0,1220230.0,1247309.0,1276202.0,1307936.0,1343196.0,1382028.0,1414999.0,,1492722.0,
Mali,"Population of the official age for upper secondary education, both sexes (number)",SP.SEC.UTOT.IN,801477.0,823869.0,845254.0,870373.0,898554.0,928255.0,958271.0,982455.0,1009254.0,1039744.0,1074591.0
Mali,"Youth literacy rate, population 15-24 years, both sexes (%)",SE.ADT.1524.LT.ZS,,38.81612,,,,44.30171,47.13698,,,,49.36653
Mozambique,"Adjusted net enrolment rate, upper secondary, both sexes (%)",UIS.NERA.3,0.620450019836426,0.814429998397827,0.957310020923615,1.29140996932983,1.82623994350433,2.2948100566864,2.49711990356445,3.02955007553101,3.28460001945496,4.52252006530762,
Mozambique,GDP per capita (current US$),NY.GDP.PCAP.CD,369.154535872339,385.756714147082,422.146157334164,503.127710872855,463.852617981066,419.225814942685,526.531351664068,566.051387255338,605.985608081366,623.287114146296,528.313975804957
Mozambique,Government expenditure on education as % of GDP (%),SE.XPD.TOTL.GD.ZS,4.43311023712158,4.27696990966797,,,,,,6.07721996307373,6.48322010040283,,
Mozambique,"Gross enrolment ratio, tertiary, both sexes (%)",SE.TER.ENRR,1.40566003322601,2.11000990867615,3.03320002555847,3.51365995407104,3.79957008361816,4.53859996795654,4.79716014862061,5.05311012268066,5.39232015609741,5.9747200012207,6.3905200958252
Mozambique,"Gross enrolment ratio, upper secondary, both sexes (%)",SE.SEC.ENRR.UP,4.16470003128052,5.16971015930176,6.5587100982666,7.80240011215209,9.25755977630615,11.0510597229004,11.5769395828247,11.762619972229,18.4225807189941,20.1797008514404,21.4212608337402
Mozambique,Internet users (per 100 people),IT.NET.USER.P2,0.854357118,0.842954488,0.91,1.56,2.68,4.17,4.3,6.0,7.29393733,9.236314896,16.93353299
Mozambique,"Lower secondary completion rate, both sexes (%)",SE.SEC.CMPT.LO.ZS,9.57240962982178,10.4988403320313,13.1523895263672,16.9631500244141,18.9082794189453,20.2264308929443,21.7900295257568,21.6310691833496,21.9585800170898,21.6896800994873,22.1649799346924
Mozambique,"Population of the official age for secondary education, both sexes (number)",SP.SEC.TOTL.IN,2335641.0,2412941.0,2497013.0,2586130.0,2680636.0,2780358.0,2878878.0,2981841.0,3088241.0,3197416.0,3308822.0
Mozambique,"Population of the official age for tertiary education, both sexes (number)",SP.TER.TOTL.IN,2013154.0,2048947.0,2092707.0,2147534.0,2212725.0,2288151.0,2365231.0,2449562.0,2539501.0,2634954.0,2735335.0
Mozambique,"Population of the official age for upper secondary education, both sexes (number)",SP.SEC.UTOT.IN,883233.0,910940.0,942228.0,975366.0,1010601.0,1048062.0,1085330.0,1124953.0,1166503.0,1209349.0,1253031.0
Mozambique,"Youth literacy rate, population 15-24 years, both sexes (%)",SE.ADT.1524.LT.ZS,,,,,67.14964,,,,,,
Mauritania,"Adjusted net enrolment rate, upper secondary, both sexes (%)",UIS.NERA.3,,,,,,,,9.17768955230713,8.49330043792725,8.74477005004883,
Mauritania,GDP per capita (current US$),NY.GDP.PCAP.CD,697.745198860445,944.130485052781,1013.31027952443,1167.53573343846,1046.83793458917,1203.38366252431,1393.26173363381,1364.2839258409,1450.57794904371,1326.66865421644,1158.25637052423
Mauritania,Government expenditure on education as % of GDP (%),SE.XPD.TOTL.GD.ZS,,2.52376008033752,,3.55302000045776,,3.59457993507385,3.05710005760193,2.77883005142212,2.93011999130249,,
Mauritania,"Gross enrolment ratio, tertiary, both sexes (%)",SE.TER.ENRR,2.92648005485535,3.30367994308472,3.74851989746094,3.83396005630493,3.90846991539001,4.43413019180298,4.8095498085022,5.20095014572144,5.46515989303589,,5.62172985076904
Mauritania,"Gross enrolment ratio, upper secondary, both sexes (%)",SE.SEC.ENRR.UP,18.8333396911621,20.704870223999,,15.2807502746582,16.8390502929688,14.4821500778198,14.96409034729,19.0625591278076,20.9712505340576,20.9576606750488,21.0524806976318
Mauritania,Internet users (per 100 people),IT.NET.USER.P2,0.669966475,0.979661253,1.433613196,1.87,2.28,4.0,4.5,5.0,6.2,10.7,15.19912669
Mauritania,"Lower secondary completion rate, both sexes (%)",SE.SEC.CMPT.LO.ZS,17.670970916748,20.1985893249512,16.847110748291,,16.5739593505859,,,19.8079605102539,,28.7683696746826,31.4694004058838
Mauritania,"Population of the official age for secondary education, both sexes (number)",SP.SEC.TOTL.IN,417018.0,427513.0,437857.0,516413.0,528978.0,542126.0,555865.0,569159.0,583184.0,597849.0,612979.0
Mauritania,"Population of the official age for tertiary education, both sexes (number)",SP.TER.TOTL.IN,299267.0,307445.0,314631.0,313097.0,320304.0,327821.0,335811.0,343745.0,352103.0,360858.0,369993.0
Mauritania,"Population of the official age for upper secondary education, both sexes (number)",SP.SEC.UTOT.IN,200299.0,205372.0,210225.0,209512.0,214543.0,219850.0,225433.0,230777.0,236457.0,242465.0,248726.0
Mauritania,"Youth literacy rate, population 15-24 years, both sexes (%)",SE.ADT.1524.LT.ZS,,,56.12243,,,,,,,,
Mauritius,"Adjusted net enrolment rate, upper secondary, both sexes (%)",UIS.NERA.3,,,,,,,,,,,
Mauritius,GDP per capita (current US$),NY.GDP.PCAP.CD,5116.04542383956,5695.96932704928,6574.65433811493,8030.06300537304,7318.12640972422,8000.37643182154,9197.02697152061,9291.22761861899,9637.00265000958,10153.9382184867,9260.44730250635
Mauritius,Government expenditure on education as % of GDP (%),SE.XPD.TOTL.GD.ZS,4.19192981719971,3.82529997825623,3.1835401058197,3.0656099319458,3.05004000663757,3.55097007751465,3.32852005958557,3.41473007202148,3.61964988708496,4.91772985458374,4.88538980484009
Mauritius,"Gross enrolment ratio, tertiary, both sexes (%)",SE.TER.ENRR,21.3507404327393,23.5989398956299,24.6435604095458,27.3368492126465,32.1943092346191,33.6918182373047,35.2347793579102,38.659969329834,39.7256889343262,38.6741218566895,36.6675682067871
Mauritius,"Gross enrolment ratio, upper secondary, both sexes (%)",SE.SEC.ENRR.UP,80.4672775268555,76.7541885375977,77.6629104614258,78.1190032958984,79.8252182006835,82.0091171264648,83.9266815185547,85.4416275024414,85.2559509277344,87.1450576782227,84.4562072753906
Mauritius,Internet users (per 100 people),IT.NET.USER.P2,15.17222875,16.7,20.22,21.81,22.51,28.33,34.95,35.42,40.11682514,44.80327537,50.13931848
Mauritius,"Lower secondary completion rate, both sexes (%)",SE.SEC.CMPT.LO.ZS,80.5187072753906,77.9294128417969,78.4035415649414,83.9778671264648,84.1230087280273,81.9431762695313,83.917350769043,81.0235977172852,83.2131118774414,84.8152236938477,83.8990478515625
Mauritius,"Population of the official age for secondary education, both sexes (number)",SP.SEC.TOTL.IN,146001.0,147251.0,147513.0,146666.0,144802.0,142304.0,140319.0,138415.0,136926.0,135801.0,134810.0
Mauritius,"Population of the official age for tertiary education, both sexes (number)",SP.TER.TOTL.IN,96081.0,94161.0,93213.0,93566.0,94877.0,99214.0,101905.0,103893.0,104771.0,104610.0,103282.0
Mauritius,"Population of the official age for upper secondary education, both sexes (number)",SP.SEC.UTOT.IN,79610.0,82075.0,84250.0,85348.0,85136.0,83798.0,82161.0,80270.0,78764.0,77830.0,77465.0
Mauritius,"Youth literacy rate, population 15-24 years, both sexes (%)",SE.ADT.1524.LT.ZS,,,,,,,98.13035,,,,
Malawi,"Adjusted net enrolment rate, upper secondary, both sexes (%)",UIS.NERA.3,4.59789991378784,5.51171016693115,5.17034006118774,5.76288986206055,5.96586990356445,6.1673698425293,6.92513990402222,7.06969022750854,7.68370008468628,8.47478008270264,
Malawi,GDP per capita (current US$),NY.GDP.PCAP.CD,280.367384226713,297.697121125902,320.222727439819,372.842677955877,420.737965737717,458.868174427665,512.125405055438,374.501880192755,332.922303904319,354.725396088931,362.657544352305
Malawi,Government expenditure on education as % of GDP (%),SE.XPD.TOTL.GD.ZS,,,,,,3.53973007202148,4.14207983016968,,5.42242002487183,4.84253978729248,5.60798978805541
Malawi,"Gross enrolment ratio, tertiary, both sexes (%)",SE.TER.ENRR,0.469570010900497,0.488779991865158,0.482129991054535,,,0.692569971084595,0.797730028629302,,,,
Malawi,"Gross enrolment ratio, upper secondary, both sexes (%)",SE.SEC.ENRR.UP,12.4735403060913,14.8801202774048,13.8698501586914,14.9146299362183,15.5933303833008,15.6777696609497,17.4552097320557,17.1565208435059,20.0895595550537,22.423999786377,22.1611099243164
Malawi,Internet users (per 100 people),IT.NET.USER.P2,0.384489334,0.42513749,0.965864737,0.7,1.07,2.26,3.33,4.3506,5.05,5.83,9.298148347
Malawi,"Lower secondary completion rate, both sexes (%)",SE.SEC.CMPT.LO.ZS,16.7360591888428,19.6954002380371,17.7991695404053,18.9566307067871,19.6506996154785,18.953800201416,19.3377895355225,18.9148693084717,21.0385494232178,,
Malawi,"Population of the official age for secondary education, both sexes (number)",SP.SEC.TOTL.IN,1892839.0,1940080.0,1988068.0,2038879.0,2093895.0,2093895.0,2153871.0,2210101.0,2269138.0,2330111.0,2391673.0
Malawi,"Population of the official age for tertiary education, both sexes (number)",SP.TER.TOTL.IN,1237300.0,1288520.0,1339481.0,1391055.0,1440050.0,1486628.0,1529719.0,1565927.0,1605882.0,1650172.0,
Malawi,"Population of the official age for upper secondary education, both sexes (number)",SP.SEC.UTOT.IN,594859.0,610627.0,625472.0,640512.0,656082.0,656082.0,673604.0,692180.0,712131.0,732550.0,752751.0
Malawi,"Youth literacy rate, population 15-24 years, both sexes (%)",SE.ADT.1524.LT.ZS,,,,,,72.13956,,,,76.08191,72.93561
Namibia,"Adjusted net enrolment rate, upper secondary, both sexes (%)",UIS.NERA.3,16.4619407653809,,,,,,,,,,
Namibia,GDP per capita (current US$),NY.GDP.PCAP.CD,3573.14638676586,3881.2095346654,4202.51096811639,4029.06506054848,4153.49788528146,5191.58308141444,5600.97139163233,5749.4047524812,5490.04131223398,5392.71241894972,4770.50093856546
Namibia,Government expenditure on education as % of GDP (%),SE.XPD.TOTL.GD.ZS,,6.03781986236572,,6.48398017883301,,8.34961032867432,,,,,
Namibia,"Gross enrolment ratio, tertiary, both sexes (%)",SE.TER.ENRR,6.87285995483398,6.55765008926392,,9.33008003234863,,,,,,,
Namibia,"Gross enrolment ratio, upper secondary, both sexes (%)",SE.SEC.ENRR.UP,32.087329864502,34.7535018920898,36.2196807861328,,,,,,,,
Namibia,Internet users (per 100 people),IT.NET.USER.P2,4.010046644,4.398870647,4.835610778,5.329003772,6.5,11.6,12.0,12.9414,13.9,14.84,25.68785182
Namibia,"Lower secondary completion rate, both sexes (%)",SE.SEC.CMPT.LO.ZS,60.9529113769531,61.2973594665527,,58.8398284912109,60.8309097290039,58.259220123291,,58.0817108154297,59.2148399353027,,
Namibia,"Population of the official age for secondary education, both sexes (number)",SP.SEC.TOTL.IN,233127.0,238365.0,243917.0,249341.0,254283.0,258692.0,261389.0,263400.0,264973.0,266288.0,267272.0
Namibia,"Population of the official age for tertiary education, both sexes (number)",SP.TER.TOTL.IN,197385.0,201063.0,205726.0,211220.0,217397.0,224312.0,231854.0,239406.0,246289.0,252053.0,
Namibia,"Population of the official age for upper secondary education, both sexes (number)",SP.SEC.UTOT.IN,88817.0,90811.0,93082.0,95604.0,98400.0,101160.0,102977.0,104063.0,104881.0,105718.0,106401.0
Namibia,"Youth literacy rate, population 15-24 years, both sexes (%)",SE.ADT.1524.LT.ZS,,,87.09541,,,,94.41944,,,,
Niger,"Adjusted net enrolment rate, upper secondary, both sexes (%)",UIS.NERA.3,2.11227989196777,,,,,1.96386003494263,2.11662006378174,,,4.45979976654053,
Niger,GDP per capita (current US$),NY.GDP.PCAP.CD,250.038373081288,258.046387283884,292.559619972825,354.81859978623,341.289461776604,348.151510969273,375.58198660135,391.515502437865,416.14008377196,429.790888993092,362.752126301434
Niger,Government expenditure on education as % of GDP (%),SE.XPD.TOTL.GD.ZS,,3.32854008674622,4.01454019546509,3.66241002082825,4.52327013015747,3.73640990257263,4.2131199836731,4.3327898979187,4.91620016098022,6.70941019058228,
Niger,"Gross enrolment ratio, tertiary, both sexes (%)",SE.TER.ENRR,1.12338995933533,1.13977003097534,1.05921995639801,1.19555997848511,1.4295300245285,1.47021996974945,1.51831996440887,1.71458995342255,,,
Niger,"Gross enrolment ratio, upper secondary, both sexes (%)",SE.SEC.ENRR.UP,4.28009986877441,4.90101003646851,4.11067008972167,3.7318000793457,3.93758010864258,4.53998994827271,4.87608003616333,6.59537982940674,8.22743034362792,10.2148504257202,10.3627004623413
Niger,Internet users (per 100 people),IT.NET.USER.P2,0.221341351,0.294033977,0.39039062,0.7,0.76,0.83,1.3,1.4077,1.7,1.95,2.476219975
Niger,"Lower secondary completion rate, both sexes (%)",SE.SEC.CMPT.LO.ZS,7.28014993667603,8.06066989898682,7.78733015060425,9.07583045959473,9.1826000213623,9.00475978851318,10.3510599136353,11.9315900802612,12.4493103027344,12.5735101699829,15.6760301589966
Niger,"Population of the official age for secondary education, both sexes (number)",SP.SEC.TOTL.IN,1833235.0,1918728.0,1994723.0,2075518.0,2165586.0,2268567.0,2385865.0,2496284.0,2612900.0,2736928.0,2869548.0
Niger,"Population of the official age for tertiary education, both sexes (number)",SP.TER.TOTL.IN,961286.0,983355.0,1026137.0,1072556.0,1118692.0,1162821.0,1207127.0,1269338.0,,1392541.0,
Niger,"Population of the official age for upper secondary education, both sexes (number)",SP.SEC.UTOT.IN,702039.0,734992.0,765398.0,794791.0,827082.0,864164.0,905831.0,947603.0,992108.0,1041728.0,1096732.0
Niger,"Youth literacy rate, population 15-24 years, both sexes (%)",SE.ADT.1524.LT.ZS,36.54678,,,,,,,23.52378,,,
Nigeria,"Adjusted net enrolment rate, upper secondary, both sexes (%)",UIS.NERA.3,,,,,,,,,,,
Nigeria,GDP per capita (current US$),NY.GDP.PCAP.CD,807.893873798136,1019.74328611062,1136.82964486179,1383.89335369553,1097.66142189639,2327.32066957391,2527.94200278768,2755.29778740678,2996.96430245373,3221.67811575213,2655.15797711437
Nigeria,Government expenditure on education as % of GDP (%),SE.XPD.TOTL.GD.ZS,,,,,,,,,,,
Nigeria,"Gross enrolment ratio, tertiary, both sexes (%)",SE.TER.ENRR,10.4053201675415,,,,,9.47943019866943,10.0709495544434,,,,
Nigeria,"Gross enrolment ratio, upper secondary, both sexes (%)",SE.SEC.ENRR.UP,31.2124404907227,29.816650390625,27.5181198120117,31.4354095458984,35.3022994995117,41.0989303588867,44.2110290527344,47.5821418762207,59.6970481872559,,
Nigeria,Internet users (per 100 people),IT.NET.USER.P2,3.549155718,5.545036083,6.77,8.0,9.3,11.5,13.8,16.1,19.1,21.0,24.5
Nigeria,"Lower secondary completion rate, both sexes (%)",SE.SEC.CMPT.LO.ZS,,,,,,46.6680908203125,,,,,
Nigeria,"Population of the official age for secondary education, both sexes (number)",SP.SEC.TOTL.IN,18437302.0,18826960.0,19194636.0,19627068.0,20119304.0,20660236.0,21242468.0,21839328.0,22498750.0,23212050.0,23976304.0
Nigeria,"Population of the official age for tertiary education, both sexes (number)",SP.TER.TOTL.IN,13373225.0,13660742.0,13899360.0,14150794.0,14420778.0,14711701.0,15027092.0,15331340.0,15665927.0,16039920.0,
Nigeria,"Population of the official age for upper secondary education, both sexes (number)",SP.SEC.UTOT.IN,8885616.0,9064771.0,9218403.0,9399080.0,9608628.0,9845856.0,10109440.0,10370957.0,10660474.0,10977676.0,11326234.0
Nigeria,"Youth literacy rate, population 15-24 years, both sexes (%)",SE.ADT.1524.LT.ZS,,,,66.38354,,,,,,,
Rwanda,"Adjusted net enrolment rate, upper secondary, both sexes (%)",UIS.NERA.3,,,,,,,,,,,
Rwanda,GDP per capita (current US$),NY.GDP.PCAP.CD,287.093187674969,342.365629421051,404.853303927227,500.668726431902,539.153821072148,563.491048683175,617.310764781771,678.079697291679,688.876855732777,706.569951658266,710.348390658908
Rwanda,Government expenditure on education as % of GDP (%),SE.XPD.TOTL.GD.ZS,,,4.28608989715576,3.78632998466492,,4.94518995285034,4.71555995941162,4.74606990814208,5.02228021621704,,3.79746007919312
Rwanda,"Gross enrolment ratio, tertiary, both sexes (%)",SE.TER.ENRR,2.84016990661621,3.6299901008606,3.70424008369446,3.98834991455078,4.85299015045166,5.56595993041992,6.74003982543945,6.55378007888794,7.5292501449585,7.56752014160156,7.8970799446106
Rwanda,"Gross enrolment ratio, upper secondary, both sexes (%)",SE.SEC.ENRR.UP,10.6918601989746,11.9040002822876,14.3696603775024,16.2895107269287,17.9362907409668,20.789249420166,23.3418598175049,28.1462097167969,31.3834991455078,31.9570808410645,31.2229404449463
Rwanda,Internet users (per 100 people),IT.NET.USER.P2,0.556041165,,2.115387178,4.5,7.7,8.0,7.0,8.023854277,9.0,10.6,18.0
Rwanda,"Lower secondary completion rate, both sexes (%)",SE.SEC.CMPT.LO.ZS,,,,,,,,35.6226081848145,,34.5600204467773,33.559871673584
Rwanda,"Population of the official age for secondary education, both sexes (number)",SP.SEC.TOTL.IN,1366879.0,1326868.0,1289886.0,1270571.0,1273592.0,1299032.0,1338772.0,1392803.0,1449116.0,1500850.0,1547792.0
Rwanda,"Population of the official age for tertiary education, both sexes (number)",SP.TER.TOTL.IN,978357.0,1023391.0,1107191.0,1131495.0,1137710.0,1127101.0,1093079.0,1093079.0,1024272.0,1024272.0,1017275.0
Rwanda,"Population of the official age for upper secondary education, both sexes (number)",SP.SEC.UTOT.IN,713702.0,700017.0,673892.0,643064.0,618807.0,609873.0,619895.0,646325.0,679905.0,712321.0,741109.0
Rwanda,"Youth literacy rate, population 15-24 years, both sexes (%)",SE.ADT.1524.LT.ZS,,,,,,77.34463,,82.33075,,,
Sudan,"Adjusted net enrolment rate, upper secondary, both sexes (%)",UIS.NERA.3,,,,,,,,,,,
Sudan,GDP per capita (current US$),NY.GDP.PCAP.CD,679.75399488289,893.879364531904,1115.69520035548,1291.52882621959,1226.88438122391,1476.47808657841,1666.85775736793,1892.89435161374,1955.66079918474,2176.89802874983,2513.88466117983
Sudan,Government expenditure on education as % of GDP (%),SE.XPD.TOTL.GD.ZS,1.56307005882263,1.96301996707916,,2.20088005065918,2.22459006309509,,,,,,
Sudan,"Gross enrolment ratio, tertiary, both sexes (%)",SE.TER.ENRR,11.7326803207397,13.2823295593262,13.020489692688,14.3969497680664,14.6862297058105,14.9846496582031,14.645359992981,14.9418697357178,16.9246692657471,16.3206100463867,
Sudan,"Gross enrolment ratio, upper secondary, both sexes (%)",SE.SEC.ENRR.UP,29.6700000762939,27.8987407684326,28.0738506317139,29.1506404876708,31.6227207183838,31.5690002441406,27.7861099243164,33.1785507202148,34.8353805541992,,
Sudan,Internet users (per 100 people),IT.NET.USER.P2,1.292040678,,8.66,,,16.7,17.46,21.0,22.7,24.64,26.61492855
Sudan,"Lower secondary completion rate, both sexes (%)",SE.SEC.CMPT.LO.ZS,,,,,,50.6798210144042,,45.839771270752,50.3490104675292,,
Sudan,"Population of the official age for secondary education, both sexes (number)",SP.SEC.TOTL.IN,3582443.0,3690181.0,3792005.0,3894920.0,3997875.0,4097455.0,4193374.0,4286510.0,4381345.0,4479358.0,4584447.0
Sudan,"Population of the official age for tertiary education, both sexes (number)",SP.TER.TOTL.IN,3102046.0,3164875.0,3228520.0,3304776.0,3391959.0,3488731.0,3590577.0,3688949.0,3782786.0,3874714.0,
Sudan,"Population of the official age for upper secondary education, both sexes (number)",SP.SEC.UTOT.IN,2075359.0,2137724.0,2200051.0,2264657.0,2328418.0,2388381.0,2445380.0,2498717.0,2552066.0,2608161.0,2670153.0
Sudan,"Youth literacy rate, population 15-24 years, both sexes (%)",SE.ADT.1524.LT.ZS,,,,65.80535,,,,,,,
Senegal,"Adjusted net enrolment rate, upper secondary, both sexes (%)",UIS.NERA.3,,,,,,,,,,,
Senegal,GDP per capita (current US$),NY.GDP.PCAP.CD,773.869871266143,809.803829621985,950.397852182399,1101.20211677825,1021.03786401425,1002.52994032218,1081.93925407848,1038.07764613247,1051.75074536384,1052.12748192149,910.774777246034
Senegal,Government expenditure on education as % of GDP (%),SE.XPD.TOTL.GD.ZS,5.13995981216431,4.77579021453857,,5.05184984207153,6.19644021987915,6.50321006774902,6.07987022399902,5.94117021560669,7.26878023147583,7.39620018005371,
Senegal,"Gross enrolment ratio, tertiary, both sexes (%)",SE.TER.ENRR,5.43859004974365,5.5806999206543,6.18517017364502,7.72068023681641,7.76547002792358,7.3894600868225,9.68208026885986,9.74415016174316,9.99662017822266,10.3411998748779,10.3866596221924
Senegal,"Gross enrolment ratio, upper secondary, both sexes (%)",SE.SEC.ENRR.UP,12.5379104614258,12.1309003829956,,16.3272895812988,,,,,,,36.0647506713867
Senegal,Internet users (per 100 people),IT.NET.USER.P2,4.786684083,5.611738652,6.89,7.12,7.5,8.0,9.8,10.8,13.1,17.7,21.69026413
Senegal,"Lower secondary completion rate, both sexes (%)",SE.SEC.CMPT.LO.ZS,19.9549198150635,22.5862693786621,30.9158000946045,25.7634105682373,27.0825691223145,30.2754192352295,32.2118797302246,33.9966888427734,35.8735084533691,40.287670135498,38.9009208679199
Senegal,"Population of the official age for secondary education, both sexes (number)",SP.SEC.TOTL.IN,1843597.0,1887028.0,1921203.0,1957058.0,1995707.0,2037233.0,2081409.0,2125512.0,2174337.0,2228506.0,2289124.0
Senegal,"Population of the official age for tertiary education, both sexes (number)",SP.TER.TOTL.IN,1087175.0,1120630.0,1151318.0,1183303.0,1215264.0,1246451.0,1277443.0,1307390.0,1336322.0,1364938.0,1394356.0
Senegal,"Population of the official age for upper secondary education, both sexes (number)",SP.SEC.UTOT.IN,750093.0,770479.0,785179.0,799900.0,815993.0,833625.0,851925.0,868319.0,885074.0,902897.0,923087.0
Senegal,"Youth literacy rate, population 15-24 years, both sexes (%)",SE.ADT.1524.LT.ZS,,50.85166,,,65.01491,,66.03274,,55.89594,,
Sierra Leone,"Adjusted net enrolment rate, upper secondary, both sexes (%)",UIS.NERA.3,,,,,,,,14.0322399139404,20.3078899383545,,
Sierra Leone,GDP per capita (current US$),NY.GDP.PCAP.CD,287.689194167174,322.313468011784,358.82747162133,406.375917792695,394.593243886635,405.128401768805,445.052005000457,561.898423858481,710.818699843413,708.442747409166,587.516261102807
Sierra Leone,Government expenditure on education as % of GDP (%),SE.XPD.TOTL.GD.ZS,2.83819007873535,,2.5599000453949,2.41318988800049,2.73795008659363,2.55271005630493,2.66841006278992,2.87473011016846,2.38175988197327,2.66166996955872,
Sierra Leone,"Gross enrolment ratio, tertiary, both sexes (%)",SE.TER.ENRR,,,,,,,,,,,
Sierra Leone,"Gross enrolment ratio, upper secondary, both sexes (%)",SE.SEC.ENRR.UP,,,,,,,28.5200500488281,32.1414604187012,26.8370094299316,,28.1588497161865
Sierra Leone,Internet users (per 100 people),IT.NET.USER.P2,0.21539161,0.227669467,0.239834699,0.25,0.26,0.58,0.9,2.5,4.0,6.057298984,6.344421603
Sierra Leone,"Lower secondary completion rate, both sexes (%)",SE.SEC.CMPT.LO.ZS,,,,,,,45.1911697387695,54.2148284912109,52.4641494750977,,51.328540802002
Sierra Leone,"Population of the official age for secondary education, both sexes (number)",SP.SEC.TOTL.IN,677825.0,703294.0,722235.0,739633.0,756828.0,775297.0,795801.0,815189.0,960999.0,986751.0,1038884.0
Sierra Leone,"Population of the official age for tertiary education, both sexes (number)",SP.TER.TOTL.IN,484298.0,505615.0,521348.0,534218.0,545277.0,556054.0,567473.0,577348.0,572735.0,584527.0,
Sierra Leone,"Population of the official age for upper secondary education, both sexes (number)",SP.SEC.UTOT.IN,327275.0,339694.0,348017.0,355145.0,362133.0,370046.0,379533.0,388548.0,523363.0,537797.0,567690.0
Sierra Leone,"Youth literacy rate, population 15-24 years, both sexes (%)",SE.ADT.1524.LT.ZS,,,,,,,,,57.02213,,
Somalia,"Adjusted net enrolment rate, upper secondary, both sexes (%)",UIS.NERA.3,,,,,,,,,,,
Somalia,GDP per capita (current US$),NY.GDP.PCAP.CD,,,,,,,,,407.543235410512,417.890014337912,426.009853661841
Somalia,Government expenditure on education as % of GDP (%),SE.XPD.TOTL.GD.ZS,,,,,,,,,,,
Somalia,"Gross enrolment ratio, tertiary, both sexes (%)",SE.TER.ENRR,,,,,,,,,,,
Somalia,"Gross enrolment ratio, upper secondary, both sexes (%)",SE.SEC.ENRR.UP,,,6.2414698600769,,,,,,,,
Somalia,Internet users (per 100 people),IT.NET.USER.P2,1.077327839,1.100216368,1.122235622,1.142687372,1.160610542,,1.25,1.3767,1.5,1.63,1.76
Somalia,"Lower secondary completion rate, both sexes (%)",SE.SEC.CMPT.LO.ZS,,,,,,,,,,,
Somalia,"Population of the official age for secondary education, both sexes (number)",SP.SEC.TOTL.IN,1108238.0,1144406.0,1182218.0,1222689.0,1266228.0,1314348.0,1366426.0,1411537.0,1453948.0,1493230.0,1528537.0
Somalia,"Population of the official age for tertiary education, both sexes (number)",SP.TER.TOTL.IN,736784.0,759625.0,782268.0,805033.0,828454.0,853246.0,879366.0,903747.0,932550.0,966359.0,
Somalia,"Population of the official age for upper secondary education, both sexes (number)",SP.SEC.UTOT.IN,708096.0,730938.0,753268.0,776258.0,801595.0,830783.0,864311.0,897782.0,932230.0,963786.0,990469.0
Somalia,"Youth literacy rate, population 15-24 years, both sexes (%)",SE.ADT.1524.LT.ZS,,,,,,,,,,,
South Sudan,"Adjusted net enrolment rate, upper secondary, both sexes (%)",UIS.NERA.3,,,,,,,,,,,
South Sudan,GDP per capita (current US$),NY.GDP.PCAP.CD,,,,1705.36060645706,1284.72987835351,1582.1505029786,1814.02525243294,956.750886002132,1044.99167812506,,
South Sudan,Government expenditure on education as % of GDP (%),SE.XPD.TOTL.GD.ZS,,,,,,,0.805209994316101,,1.17890000343323,1.71297001838684,1.54060995578766
South Sudan,"Gross enrolment ratio, tertiary, both sexes (%)",SE.TER.ENRR,,,,,,,,,,,
South Sudan,"Gross enrolment ratio, upper secondary, both sexes (%)",SE.SEC.ENRR.UP,,,,,,,4.61459016799927,,,,5.02086019515991
South Sudan,Internet users (per 100 people),IT.NET.USER.P2,,,,,,,,,,,
South Sudan,"Lower secondary completion rate, both sexes (%)",SE.SEC.CMPT.LO.ZS,,,,,,,16.7545604705811,,,,
South Sudan,"Population of the official age for secondary education, both sexes (number)",SP.SEC.TOTL.IN,912948.0,953568.0,998001.0,1045535.0,1095779.0,1148777.0,1486346.0,1551145.0,1614124.0,1672441.0,1724549.0
South Sudan,"Population of the official age for tertiary education, both sexes (number)",SP.TER.TOTL.IN,748655.0,789662.0,833238.0,878133.0,924552.0,972385.0,986745.0,1035398.0,1086367.0,1138509.0,
South Sudan,"Population of the official age for upper secondary education, both sexes (number)",SP.SEC.UTOT.IN,529189.0,553109.0,578928.0,606611.0,636008.0,667121.0,961819.0,1006844.0,1050416.0,1090095.0,1124926.0
South Sudan,"Youth literacy rate, population 15-24 years, both sexes (%)",SE.ADT.1524.LT.ZS,,,,36.70228,,,,,,,
Sao Tome and Principe,"Adjusted net enrolment rate, upper secondary, both sexes (%)",UIS.NERA.3,11.6022100448608,,2.76872992515564,3.63359999656677,,3.91858005523682,12.1957902908325,,,,
Sao Tome and Principe,GDP per capita (current US$),NY.GDP.PCAP.CD,810.860156981204,843.800944749184,894.09279877071,1126.46210206395,1099.57104570822,1129.754961462,1304.32618930158,1380.94995918409,1619.53267760463,1824.16031123871,1615.32071145656
Sao Tome and Principe,Government expenditure on education as % of GDP (%),SE.XPD.TOTL.GD.ZS,5.26044988632202,4.5457501411438,6.44309997558594,5.56054019927979,10.6929597854614,9.65841007232666,,6.3341498374939,5.93859004974365,3.7568199634552,
Sao Tome and Principe,"Gross enrolment ratio, tertiary, both sexes (%)",SE.TER.ENRR,,,,,3.93736004829407,4.30071020126343,,8.25874996185303,,9.75327014923096,13.4060297012329
Sao Tome and Principe,"Gross enrolment ratio, upper secondary, both sexes (%)",SE.SEC.ENRR.UP,26.314380645752,,20.1140098571777,17.3114109039307,21.3787307739258,20.7560195922852,16.688009262085,17.5089302062988,23.8422107696533,45.1102981567383,61.0377883911133
Sao Tome and Principe,Internet users (per 100 people),IT.NET.USER.P2,13.75948422,14.18201978,14.5904832,15.48,16.41,18.75,20.1612,21.5724,23.0,24.41,25.82
Sao Tome and Principe,"Lower secondary completion rate, both sexes (%)",SE.SEC.CMPT.LO.ZS,35.4359893798828,,32.7297706604004,31.3860607147217,,30.769229888916,45.7886695861816,,80.9811477661133,73.7014465332031,74.0456314086914
Sao Tome and Principe,"Population of the official age for secondary education, both sexes (number)",SP.SEC.TOTL.IN,18742.0,18639.0,18435.0,18462.0,18677.0,19064.0,23110.0,23740.0,24453.0,25210.0,26046.0
Sao Tome and Principe,"Population of the official age for tertiary education, both sexes (number)",SP.TER.TOTL.IN,14573.0,16457.0,17223.0,17680.0,17880.0,17811.0,17590.0,17206.0,,17225.0,17425.0
Sao Tome and Principe,"Population of the official age for upper secondary education, both sexes (number)",SP.SEC.UTOT.IN,11222.0,7535.0,7368.0,7238.0,7166.0,7222.0,10930.0,11200.0,11509.0,11831.0,12199.0
Sao Tome and Principe,"Youth literacy rate, population 15-24 years, both sexes (%)",SE.ADT.1524.LT.ZS,,,,80.20316,,,,96.7384,,,
Swaziland,"Adjusted net enrolment rate, upper secondary, both sexes (%)",UIS.NERA.3,10.3171396255493,6.43077993392944,5.75260019302368,,10.3238801956177,10.1788702011108,11.2698402404785,,9.64741992950439,,
Swaziland,GDP per capita (current US$),NY.GDP.PCAP.CD,2873.86209077307,2937.36074331066,3047.48803739736,2842.43853009194,3032.51704908186,3690.23922847955,3934.27337283568,3864.76043619193,3587.00031610963,3379.89649909261,3047.94675558222
Swaziland,Government expenditure on education as % of GDP (%),SE.XPD.TOTL.GD.ZS,6.50368022918701,6.7050199508667,,6.82855987548828,6.57817983627319,6.12712001800537,6.73145008087158,,,7.04999017715454,
Swaziland,"Gross enrolment ratio, tertiary, both sexes (%)",SE.TER.ENRR,4.75177001953125,4.44381999969482,,,,,5.96363019943237,,5.32887983322144,,
Swaziland,"Gross enrolment ratio, upper secondary, both sexes (%)",SE.SEC.ENRR.UP,33.1992416381836,36.8063583374023,37.6142883300781,,42.0910186767578,44.7737808227539,47.236011505127,49.2418098449707,48.829761505127,52.2500801086426,
Swaziland,Internet users (per 100 people),IT.NET.USER.P2,3.696961073,3.696538789,4.1,6.85,8.94,11.04,18.13,20.78178258,24.7,26.17500573,25.64304231
Swaziland,"Lower secondary completion rate, both sexes (%)",SE.SEC.CMPT.LO.ZS,36.7393684387207,41.5440788269042,43.8289985656738,,43.7180099487305,46.5709190368652,45.6923904418945,46.0076904296875,49.3305397033691,41.2099113464355,
Swaziland,"Population of the official age for secondary education, both sexes (number)",SP.SEC.TOTL.IN,152217.0,152922.0,153434.0,153742.0,153616.0,152861.0,151232.0,149682.0,148367.0,147254.0,146326.0
Swaziland,"Population of the official age for tertiary education, both sexes (number)",SP.TER.TOTL.IN,124101.0,128088.0,133187.0,138194.0,142684.0,146463.0,149305.0,,151195.0,151195.0,151048.0
Swaziland,"Population of the official age for upper secondary education, both sexes (number)",SP.SEC.UTOT.IN,59658.0,60226.0,60703.0,61283.0,61721.0,61775.0,61252.0,60605.0,59902.0,59198.0,58650.0
Swaziland,"Youth literacy rate, population 15-24 years, both sexes (%)",SE.ADT.1524.LT.ZS,,,,,,93.5023,,,,,
Seychelles,"Adjusted net enrolment rate, upper secondary, both sexes (%)",UIS.NERA.3,,,,,,,,,,82.3826370239258,
Seychelles,GDP per capita (current US$),NY.GDP.PCAP.CD,11092.5107357824,12014.3998729502,12154.8299372808,11122.8620677142,9706.95605963959,10804.6844747547,12189.0951601357,12845.17363161,15687.3479494868,15570.7789222605,15390.0406382807
Seychelles,Government expenditure on education as % of GDP (%),SE.XPD.TOTL.GD.ZS,,4.77012014389038,,,,,3.60644006729126,,,,
Seychelles,"Gross enrolment ratio, tertiary, both sexes (%)",SE.TER.ENRR,,,,,,,2.42525005340576,1.29533994197845,3.14232993125916,6.42904996871948,14.256199836731
Seychelles,"Gross enrolment ratio, upper secondary, both sexes (%)",SE.SEC.ENRR.UP,59.952808380127,,54.7394485473633,52.3404312133789,52.7097587585449,50.9787788391113,48.3717803955078,62.7743606567383,56.6860504150391,56.9104194641113,59.3612518310547
Seychelles,Internet users (per 100 people),IT.NET.USER.P2,25.41326815,34.95197117,38.38,40.44,,41.0,43.16400446,47.076,50.4,51.25470199,54.25961786
Seychelles,"Lower secondary completion rate, both sexes (%)",SE.SEC.CMPT.LO.ZS,111.61376953125,,107.87036895752,108.378021240234,104.401649475098,108.356941223145,108.663726806641,,105.918518066406,109.472053527832,111.111106872559
Seychelles,"Population of the official age for secondary education, both sexes (number)",SP.SEC.TOTL.IN,10393.0,10453.0,10482.0,10457.0,10361.0,10190.0,9892.0,9618.0,9382.0,9194.0,9061.0
Seychelles,"Population of the official age for tertiary education, both sexes (number)",SP.TER.TOTL.IN,8103.0,7970.0,7845.0,7772.0,7762.0,7793.0,7793.0,7720.0,7574.0,7435.0,7260.0
Seychelles,"Population of the official age for upper secondary education, both sexes (number)",SP.SEC.UTOT.IN,5933.0,5972.0,6045.0,6110.0,6126.0,6079.0,5896.0,5695.0,5504.0,5347.0,5229.0
Seychelles,"Youth literacy rate, population 15-24 years, both sexes (%)",SE.ADT.1524.LT.ZS,,,,,,98.97134,,,,,
Chad,"Adjusted net enrolment rate, upper secondary, both sexes (%)",UIS.NERA.3,,,,,,,,,,,
Chad,GDP per capita (current US$),NY.GDP.PCAP.CD,660.242139573492,712.184769377316,801.683884044603,929.770239130465,804.455903856423,896.569734113861,989.236363298336,973.470257398779,986.010317729048,1025.99851471508,777.248705123231
Chad,Government expenditure on education as % of GDP (%),SE.XPD.TOTL.GD.ZS,1.69279003143311,,,,2.31140995025635,1.98137998580933,2.2564001083374,2.20763993263245,2.84970998764038,,
Chad,"Gross enrolment ratio, tertiary, both sexes (%)",SE.TER.ENRR,1.42056000232697,,,1.94586002826691,2.01314997673035,2.1014199256897,2.22098994255066,,,3.44538998603821,
Chad,"Gross enrolment ratio, upper secondary, both sexes (%)",SE.SEC.ENRR.UP,10.2876796722412,10.7276401519775,11.9748001098633,14.6455402374268,16.5497207641602,16.515079498291,17.8832302093506,16.842830657959,17.6756801605225,,
Chad,Internet users (per 100 people),IT.NET.USER.P2,0.3992577,0.581045764,0.847224521,1.19,1.5,1.7,1.9,2.1,2.5,2.9,3.5
Chad,"Lower secondary completion rate, both sexes (%)",SE.SEC.CMPT.LO.ZS,,11.7672901153564,,,17.1195297241211,16.1226902008057,16.5138893127441,15.7359304428101,17.5070495605469,,
Chad,"Population of the official age for secondary education, both sexes (number)",SP.SEC.TOTL.IN,1565049.0,1632695.0,1696004.0,1761195.0,1828953.0,1899971.0,1973982.0,2044540.0,2118331.0,2195237.0,2274710.0
Chad,"Population of the official age for tertiary education, both sexes (number)",SP.TER.TOTL.IN,870995.0,907566.0,941019.0,975917.0,1013038.0,1053098.0,1096311.0,,,1232459.0,
Chad,"Population of the official age for upper secondary education, both sexes (number)",SP.SEC.UTOT.IN,615367.0,641418.0,666266.0,692552.0,720302.0,749279.0,779356.0,808136.0,838604.0,870698.0,903786.0
Chad,"Youth literacy rate, population 15-24 years, both sexes (%)",SE.ADT.1524.LT.ZS,,,,,,,,,,,38.77242
Togo,"Adjusted net enrolment rate, upper secondary, both sexes (%)",UIS.NERA.3,,,,,,,,,,,
Togo,GDP per capita (current US$),NY.GDP.PCAP.CD,372.172183685558,377.336028983739,420.760474338357,513.391913990462,499.646871325977,487.923891266382,562.339359224539,563.689424743521,579.43480503892,620.131848879102,551.130834550516
Togo,Government expenditure on education as % of GDP (%),SE.XPD.TOTL.GD.ZS,3.39374995231628,3.66956996917725,3.6975200176239,3.42957997322083,4.12550020217896,4.42739009857178,4.44294023513794,4.73726987838745,4.67432022094727,4.86846017837524,5.21789979934692
Togo,"Gross enrolment ratio, tertiary, both sexes (%)",SE.TER.ENRR,,5.01921987533569,5.66814994812012,,,9.12751007080078,10.1580095291138,10.3214597702026,10.6792898178101,10.1176204681396,10.6259603500366
Togo,"Gross enrolment ratio, upper secondary, both sexes (%)",SE.SEC.ENRR.UP,24.0411796569824,25.7219009399414,28.3928108215332,,,,35.7883186340332,,,,
Togo,Internet users (per 100 people),IT.NET.USER.P2,1.8,2.0,2.2,2.4,2.6,3.0,3.5,4.0,4.5,5.7,7.12
Togo,"Lower secondary completion rate, both sexes (%)",SE.SEC.CMPT.LO.ZS,38.7180404663086,39.0251388549805,33.1348609924316,34.94580078125,,35.1316719055176,39.2106399536133,,39.0663795471191,37.9322204589844,41.0558700561523
Togo,"Population of the official age for secondary education, both sexes (number)",SP.SEC.TOTL.IN,898224.0,914899.0,928934.0,943965.0,960419.0,978331.0,997761.0,1018197.0,1042282.0,1069725.0,1100129.0
Togo,"Population of the official age for tertiary education, both sexes (number)",SP.TER.TOTL.IN,543892.0,559370.0,573415.0,587315.0,600589.0,613081.0,625083.0,635734.0,646363.0,657516.0,669624.0
Togo,"Population of the official age for upper secondary education, both sexes (number)",SP.SEC.UTOT.IN,368734.0,376920.0,382773.0,388404.0,394438.0,401175.0,408516.0,415503.0,423371.0,432034.0,441812.0
Togo,"Youth literacy rate, population 15-24 years, both sexes (%)",SE.ADT.1524.LT.ZS,,76.45294,,,81.73599,,79.88591,,,,84.29011
Tanzania,"Adjusted net enrolment rate, upper secondary, both sexes (%)",UIS.NERA.3,,,,,,,,,,,
Tanzania,GDP per capita (current US$),NY.GDP.PCAP.CD,442.25285430836,471.527376124859,528.063562048951,651.262438712841,658.757952665891,701.604550062032,733.412806541607,820.156289803745,901.731430290916,950.374313843269,872.294093320544
Tanzania,Government expenditure on education as % of GDP (%),SE.XPD.TOTL.GD.ZS,4.60142993927002,3.27329993247986,4.04162979125977,4.24775981903076,4.03933000564575,4.6256799697876,,,,3.47914004325867,
Tanzania,"Gross enrolment ratio, tertiary, both sexes (%)",SE.TER.ENRR,1.46944999694824,,1.49519002437592,,,2.13056993484497,,3.93347001075745,3.64732003211975,,
Tanzania,"Gross enrolment ratio, upper secondary, both sexes (%)",SE.SEC.ENRR.UP,,,,,,8.5521297454834,,9.99330043792725,9.0007495880127,,
Tanzania,Internet users (per 100 people),IT.NET.USER.P2,1.1,1.3,1.6,1.9,2.4,2.9,3.2,3.95,4.4,7.0,10.0
Tanzania,"Lower secondary completion rate, both sexes (%)",SE.SEC.CMPT.LO.ZS,9.16086006164551,,,14.1553297042847,21.0765209197998,,,39.4913711547852,35.1327781677246,,
Tanzania,"Population of the official age for secondary education, both sexes (number)",SP.SEC.TOTL.IN,5113131.0,5245664.0,5392471.0,5547036.0,5704039.0,5863000.0,6021336.0,6185058.0,6362505.0,6562619.0,6787792.0
Tanzania,"Population of the official age for tertiary education, both sexes (number)",SP.TER.TOTL.IN,3508394.0,3599957.0,3687419.0,3783083.0,3886154.0,3994838.0,,4220546.0,4339127.0,4462217.0,4588517.0
Tanzania,"Population of the official age for upper secondary education, both sexes (number)",SP.SEC.UTOT.IN,1600247.0,1638462.0,1682821.0,1731944.0,1783408.0,1836432.0,1889303.0,1940391.0,1990201.0,2042163.0,2097168.0
Tanzania,"Youth literacy rate, population 15-24 years, both sexes (%)",SE.ADT.1524.LT.ZS,,,,,,74.56052,,85.94,,,85.75514
Uganda,"Adjusted net enrolment rate, upper secondary, both sexes (%)",UIS.NERA.3,,,,,,,,,,,
Uganda,GDP per capita (current US$),NY.GDP.PCAP.CD,315.788022726101,336.459392347713,401.850863088015,449.692818269711,554.40499104055,595.206173218534,574.940263892048,637.130008854938,655.049607377633,702.880806372124,674.044971989264
Uganda,Government expenditure on education as % of GDP (%),SE.XPD.TOTL.GD.ZS,,,,,,2.39344000816345,3.03440999984741,2.44546008110046,2.17392992973328,2.21387004852295,
Uganda,"Gross enrolment ratio, tertiary, both sexes (%)",SE.TER.ENRR,,3.49908995628357,,3.82526993751526,4.25470018386841,4.00162982940674,4.48338985443115,3.85098004341125,,4.76081991195679,
Uganda,"Gross enrolment ratio, upper secondary, both sexes (%)",SE.SEC.ENRR.UP,,,,14.1269598007202,,,,,,,
Uganda,Internet users (per 100 people),IT.NET.USER.P2,1.742205503,2.529363038,3.671965351,7.9,9.78,12.5,13.01354333,14.1,15.5,16.9,17.83485947
Uganda,"Lower secondary completion rate, both sexes (%)",SE.SEC.CMPT.LO.ZS,,20.7361106872559,22.4687099456787,23.7627906799316,25.1977806091309,27.7502403259277,26.8406295776367,25.4798908233643,29.3623294830322,29.7556591033936,25.8514003753662
Uganda,"Population of the official age for secondary education, both sexes (number)",SP.SEC.TOTL.IN,3923862.0,4062467.0,4207468.0,4355814.0,4506875.0,4660730.0,4814369.0,4975581.0,5147269.0,5330589.0,5525814.0
Uganda,"Population of the official age for tertiary education, both sexes (number)",SP.TER.TOTL.IN,2556316.0,2646546.0,2728312.0,2816221.0,2911769.0,3014924.0,3124580.0,3234531.0,3351920.0,3474104.0,
Uganda,"Population of the official age for upper secondary education, both sexes (number)",SP.SEC.UTOT.IN,1202992.0,1243978.0,1289960.0,1338604.0,1388735.0,1439233.0,1488196.0,1537374.0,1588140.0,1640918.0,1696781.0
Uganda,"Youth literacy rate, population 15-24 years, both sexes (%)",SE.ADT.1524.LT.ZS,,84.06565,,,,87.40883,,83.65888,,,
South Africa,"Adjusted net enrolment rate, upper secondary, both sexes (%)",UIS.NERA.3,,,,,,,,,,,
South Africa,GDP per capita (current US$),NY.GDP.PCAP.CD,5412.50653386088,5635.28197046502,6117.22566127352,5793.26170401429,5914.07664656039,7361.75585035621,8058.83313537623,7548.25563770966,6880.44567306871,6484.58498261381,5773.48313163297
South Africa,Government expenditure on education as % of GDP (%),SE.XPD.TOTL.GD.ZS,5.05164003372192,5.0702600479126,4.97251987457275,4.86486005783081,5.24661016464233,5.71644020080566,5.958429813385,6.37936019897461,6.02066993713379,6.02955007553101,
South Africa,"Gross enrolment ratio, tertiary, both sexes (%)",SE.TER.ENRR,,,,,,,,18.9940395355225,19.66282081604,19.3750705718994,
South Africa,"Gross enrolment ratio, upper secondary, both sexes (%)",SE.SEC.ENRR.UP,85.0108413696289,88.0243606567383,92.100486755371,90.1095886230469,88.7628631591797,86.4464797973633,86.8302383422852,88.4772491455078,,,
South Africa,Internet users (per 100 people),IT.NET.USER.P2,7.48854253,7.607139675,8.065375174,8.43,10.0,24.0,33.97,41.0,46.5,49.0,51.91911572
South Africa,"Lower secondary completion rate, both sexes (%)",SE.SEC.CMPT.LO.ZS,,,,,,,,,,,
South Africa,"Population of the official age for secondary education, both sexes (number)",SP.SEC.TOTL.IN,5238452.0,5265505.0,5250518.0,5219397.0,5198891.0,5196030.0,5223321.0,5267420.0,5294980.0,5283336.0,5233782.0
South Africa,"Population of the official age for tertiary education, both sexes (number)",SP.TER.TOTL.IN,4877791.0,5023879.0,5151120.0,5253277.0,5327940.0,5368882.0,5335958.0,5294929.0,5266763.0,5256976.0,
South Africa,"Population of the official age for upper secondary education, both sexes (number)",SP.SEC.UTOT.IN,3145926.0,3179463.0,3179639.0,3153804.0,3121051.0,3099135.0,3107324.0,3137731.0,3173114.0,3192593.0,3184165.0
South Africa,"Youth literacy rate, population 15-24 years, both sexes (%)",SE.ADT.1524.LT.ZS,,,97.57078,,98.36509,98.64413,98.78966,98.88204,,98.88228,98.95578
Zambia,"Adjusted net enrolment rate, upper secondary, both sexes (%)",UIS.NERA.3,,,,,,,,,,,
Zambia,GDP per capita (current US$),NY.GDP.PCAP.CD,691.317816426353,1030.15419934654,1104.58798487761,1369.06824870969,1139.11023298085,1463.21357310715,1644.61967241117,1734.93061223334,1850.79335943919,1738.08820161939,1313.88964550765
Zambia,Government expenditure on education as % of GDP (%),SE.XPD.TOTL.GD.ZS,1.73553001880646,,1.24075996875763,1.0997200012207,,,,,,,
Zambia,"Gross enrolment ratio, tertiary, both sexes (%)",SE.TER.ENRR,,,,,,,4.00657987594604,3.98141002655029,,,
Zambia,"Gross enrolment ratio, upper secondary, both sexes (%)",SE.SEC.ENRR.UP,,,,,,,,,,,
Zambia,Internet users (per 100 people),IT.NET.USER.P2,2.851752261,4.159913394,4.87,5.55,6.31,10.0,11.5,13.4682,15.4,19.0,21.0
Zambia,"Lower secondary completion rate, both sexes (%)",SE.SEC.CMPT.LO.ZS,40.0703506469727,,49.2262115478516,64.2765502929688,62.9307289123535,59.2610816955566,57.1920890808105,55.3490791320801,55.0690612792969,,
Zambia,"Population of the official age for secondary education, both sexes (number)",SP.SEC.TOTL.IN,1404677.0,1431726.0,1460323.0,1492226.0,1528843.0,1569975.0,1611691.0,1658160.0,1708848.0,1763278.0,1821221.0
Zambia,"Population of the official age for tertiary education, both sexes (number)",SP.TER.TOTL.IN,1191803.0,1221639.0,1255827.0,1291432.0,1326472.0,1361124.0,1391685.0,1423615.0,1458724.0,1497656.0,
Zambia,"Population of the official age for upper secondary education, both sexes (number)",SP.SEC.UTOT.IN,820783.0,837061.0,853218.0,870485.0,889980.0,912154.0,935649.0,962187.0,990577.0,1020428.0,1052490.0
Zambia,"Youth literacy rate, population 15-24 years, both sexes (%)",SE.ADT.1524.LT.ZS,,,64.04964,,,88.71456,,,,,
Zimbabwe,"Adjusted net enrolment rate, upper secondary, both sexes (%)",UIS.NERA.3,,,,,,,,,32.0711517333984,,
Zimbabwe,GDP per capita (current US$),NY.GDP.PCAP.CD,444.760507547431,414.796232048617,396.99821656697,325.678570345959,624.272242525696,719.979516975012,840.949879910207,968.163871452826,1026.38828923027,1031.10461620757,1033.41584182804
Zimbabwe,Government expenditure on education as % of GDP (%),SE.XPD.TOTL.GD.ZS,,,,,,1.97333002090454,,8.38321971893311,8.48536014556885,8.42932987213135,
Zimbabwe,"Gross enrolment ratio, tertiary, both sexes (%)",SE.TER.ENRR,,,,,,5.90560007095337,5.82376003265381,5.86866998672485,5.87174987792969,,8.43327045440674
Zimbabwe,"Gross enrolment ratio, upper secondary, both sexes (%)",SE.SEC.ENRR.UP,,,,,,,,36.2376899719238,36.9636192321777,,
Zimbabwe,Internet users (per 100 people),IT.NET.USER.P2,2.4,2.4,3.0,3.5,4.0,6.4,8.4,12.0,15.5,16.36473996,22.7428181
Zimbabwe,"Lower secondary completion rate, both sexes (%)",SE.SEC.CMPT.LO.ZS,,,,,,,,64.4760131835938,65.5273590087891,,
Zimbabwe,"Population of the official age for secondary education, both sexes (number)",SP.SEC.TOTL.IN,2034066.0,2026737.0,2020780.0,2016726.0,2015706.0,2018022.0,2009047.0,2007007.0,2012733.0,2026425.0,2047619.0
Zimbabwe,"Population of the official age for tertiary education, both sexes (number)",SP.TER.TOTL.IN,1542683.0,1554849.0,1565455.0,1576742.0,1589291.0,1602057.0,1601799.0,1601931.0,1602843.0,1604698.0,1607620.0
Zimbabwe,"Population of the official age for upper secondary education, both sexes (number)",SP.SEC.UTOT.IN,1344484.0,1341028.0,1338730.0,1337559.0,1337565.0,1338788.0,1331526.0,1327364.0,1327040.0,1331677.0,1342035.0
Zimbabwe,"Youth literacy rate, population 15-24 years, both sexes (%)",SE.ADT.1524.LT.ZS,,,,,,,90.9307,,,90.42812,
